y_true,y_pred,residual
157.53077551839914,158.79913,1.268357782382111
142.19741513186634,145.95187,3.754458647430539
149.26677598865638,150.22514,0.9583674439608103
82.98263585545928,81.48968,-1.49295842626006
128.5881949592777,125.70326,-2.884932630176138
97.99971241454708,97.99857,-0.0011391113244201279
198.72277134158375,196.60056,-2.1222159216618763
153.19654016888165,153.70374,0.5071951826808458
176.3404651206665,172.87805,-3.4624133628539937
144.71290472551215,141.99245,-2.720457826098084
131.03124400223737,128.78001,-2.2512299641514346
169.83258701371392,172.51877,2.686181296832956
185.9801026268736,187.86238,1.8822783545717243
139.1217188600393,137.86948,-1.2522425416799194
175.72697695967497,172.35051,-3.3764673161202836
164.6763431706437,162.44858,-2.2277652897843154
168.619807998778,164.31325,-4.306560318113924
163.84479346524873,167.83391,3.98911461580596
110.6031143697222,110.84606,0.24294733682076242
125.36757310482206,123.34819,-2.0193827972048695
187.6436017151172,190.15625,2.5126482848828005
123.99291233605246,123.14357,-0.8493423897633932
164.66840272761772,162.75433,-1.9140692315239676
190.3087210148608,189.2794,-1.0293173283373562
95.12725697403722,94.26642,-0.8608385170059734
165.50840831102985,164.38423,-1.1241767436470411
123.92558024281752,121.35053,-2.575047711079236
182.82870473083904,182.66762,-0.16108693298747312
166.30759908364084,165.14456,-1.163037316062713
208.14588588441927,211.52959,3.3837009075729156
110.1515074508131,107.45199,-2.6995192305982556
104.30174073502316,99.81201,-4.489729016273159
181.7481360210094,185.23166,3.483522914537474
167.857765213412,169.33148,1.4737167201817556
86.534251972194,85.40784,-1.1264150581314993
82.55857901552473,88.39651,5.837928247658866
189.32757624386775,194.02634,4.698760426054122
191.59097089828956,193.44325,1.8522816651870073
120.05066690386492,120.03631,-0.01435861529070337
208.11661159710383,207.97237,-0.14424526409601413
127.1969846727369,125.01416,-2.182824516486903
198.93869626600957,199.03358,0.0948883287169906
195.9153020634875,194.16821,-1.747089172862502
165.8627844022297,162.9784,-2.8843908475421927
82.3978347647865,81.04126,-1.356574999161495
124.92606708597376,124.00374,-0.9223286826534434
110.00606359990478,110.129425,0.12336144892334744
133.3349477210576,132.74388,-0.5910664954716651
150.80351690565865,150.06981,-0.7337079456977165
177.76798414137997,176.75217,-1.0158173933330943
179.27558480313857,180.67313,1.397541417564554
181.07737578738383,181.63431,0.5569320739442958
144.5725417205316,144.35172,-0.22082663264097846
224.14479303312623,222.00758,-2.1372094149621716
170.61052166615966,171.01703,0.40650714243409425
176.4122684845891,178.68578,2.2735072722468317
171.31255597456445,179.10255,7.789998346724616
128.67568893959202,131.20293,2.5272376961501664
123.32173351162956,125.343575,2.021841012296221
177.2877321772687,174.52344,-2.7642946772687083
216.7439809606071,216.1956,-0.5483785436149162
147.08967971477327,147.92116,0.8314781221407941
192.63054722956585,193.91577,1.285224254809151
162.3651766848879,163.51538,1.1502041744871008
187.2265612446433,187.7491,0.5225384868020058
158.434581105568,156.15488,-2.279704396583611
158.9673988014133,154.90968,-4.057715573874248
200.0432641043573,205.18207,5.1388037667364586
149.34941856617542,147.68416,-1.6652602409801034
165.7120515561242,166.84764,1.1355894350867288
157.9053436675454,158.68684,0.7815002045249173
132.61670446565762,131.76497,-0.851735593587307
194.49552920935392,196.59305,2.0975188863492065
131.0312936005384,127.79999,-3.2313058075696404
111.15429652476952,109.99543,-1.1588665320937395
190.4980969439915,186.74086,-3.757236958639936
200.564235377278,200.88365,0.31941635612042774
131.4781740484772,129.60869,-1.8694856939850126
99.49110060557476,102.36213,2.8710286058510235
176.3624836414133,174.41953,-1.9429584949289165
133.56785412852028,136.08006,2.5122087376906563
201.92370204385975,203.74702,1.8233224922730642
151.1661960614461,150.88953,-0.2766696942586009
134.73419355464574,133.43066,-1.303529492145742
100.47944618916316,105.81499,5.335540993454032
177.06664857014715,178.3931,1.3264483536809735
177.2532516054413,179.10757,1.8543228574493185
183.736167296565,182.15358,-1.5825875846509234
113.61195905507748,112.218864,-1.3930946141595086
108.58081101853836,105.85391,-2.7268986650227305
199.89210703061627,201.97093,2.0788249762196642
180.6075370626804,179.88368,-0.7238548117038306
148.09029785564567,149.08067,0.9903753621277644
137.72960055367363,137.77396,0.04435574515449048
147.84560751047837,149.94072,2.095112094013814
120.28833775390136,118.47773,-1.8106079565380782
197.9974442561707,198.93811,0.9406660953918049
135.51495045505845,133.46394,-2.0510069736131413
166.81826700632,169.7327,2.9144295268831115
190.8410630545898,189.9398,-0.9012589774413584
126.2027888169553,127.73103,1.5282445082400073
220.5428631466567,221.86176,1.318892224437036
176.16505059365502,176.88672,0.7216681563449754
171.3328076805222,171.02405,-0.308759828959694
96.90655163413172,97.57754,0.6709859024893774
85.6630911879902,83.70687,-1.9562201552753606
170.83202308302702,173.54993,2.7179036747854752
121.67199762546431,121.71504,0.0430444887934982
137.5030330231319,136.25896,-1.244076113952218
164.28710546919848,162.37679,-1.910320190878167
157.55688388814923,158.42812,0.8712319565773328
120.21134652203108,120.82443,0.6130858510157964
76.93140130585645,80.994675,4.063273376760733
164.89362968796183,165.75201,0.858384472194416
180.307834573054,180.72943,0.4215965792897407
182.99634777933724,181.66199,-1.334360474649742
139.85957337868166,142.07559,2.2160186623339655
131.31073689372386,132.23184,0.9211051472917688
163.54845957418974,165.11546,1.5670036826462024
187.18423354810344,183.3852,-3.7990406770096854
129.98231850985462,133.39374,3.411419283114128
186.18781531299012,186.38066,0.1928456977520625
163.9034992265287,164.51324,0.6097454023775413
152.20308995707157,149.77368,-2.429408316446569
177.4166810072639,177.34691,-0.06977243792795207
145.22143418961127,143.97281,-1.2486253517206478
120.99836577276236,122.127785,1.129418956241551
155.07020128132058,152.6462,-2.424006823312766
165.05710039363194,163.21791,-1.839189627030379
166.76540173425798,166.95898,0.19358264074202225
80.27617586361656,76.967285,-3.308890707366558
174.40400287250446,172.89426,-1.5097462807075885
173.53755928449874,172.35577,-1.181785358717491
135.53273825987225,131.24326,-4.2894826446378715
210.14588513233588,210.44934,0.3034556879766228
119.69011402324382,121.135704,1.4455900172835214
137.71468870542554,135.6737,-2.0409826507380444
128.53766869502854,125.4747,-3.062967767294168
112.41430640897592,112.196686,-0.21762061796029286
173.00767762350569,171.23021,-1.777468272919748
105.4296473067013,103.72591,-1.7037409346309857
89.84065209151956,89.95895,0.1182941365077852
172.38736879227082,171.2265,-1.16086732742707
213.4675868053269,212.20435,-1.2632411022019028
128.13852717877072,127.9935,-0.1450274229113404
199.0174165435584,198.82573,-0.19168717344120978
209.2751460155173,207.34529,-1.929854877821981
128.06929913541086,130.7145,2.645193662440704
130.27642111819296,131.31415,1.0377268310257932
170.37207621976845,169.74426,-0.6278135244559451
230.14878860612723,230.44861,0.29981979231027367
132.67732751524056,133.24634,0.5690103753844369
194.86245471700948,192.14723,-2.715222661345422
113.47883410061502,113.38593,-0.09290117825173638
205.50173829157504,206.30763,0.805894154714025
103.18632266069348,100.07443,-3.1118902876466024
184.9414398908144,182.06674,-2.8746979474550187
157.95772350128908,158.66725,0.7095280856249815
132.07878873521247,130.79955,-1.2792434471265324
180.6340905141321,180.55415,-0.0799370717492991
157.40809556986798,158.24138,0.8332832143117059
90.43357304657634,94.95709,4.523519238579908
206.21009800216672,207.10141,0.8913119099426581
162.44399626518234,164.17575,1.73175446723954
145.38326482900095,151.02133,5.638066958108425
153.42594984523026,151.47163,-1.9543159340974512
194.35615212362572,194.34285,-0.013302392180406741
154.8228279110915,154.24248,-0.5803504940993207
202.9458481871526,203.0966,0.1507552064020956
175.604425277578,174.82722,-0.7772005461326899
154.5103579706321,157.05762,2.5472592168679
193.06624492609484,196.82208,3.7558375934364108
79.2209018685648,80.93368,1.712775804775049
97.29976021966522,99.89398,2.5942217139285333
162.93722974951925,160.8113,-2.1259351938551845
154.2155393490259,156.22374,2.0082002749975345
205.79644508847423,205.13857,-0.6578800249976666
148.4088752176691,151.9113,3.5024254415105815
186.23971074696752,190.50856,4.268849433696545
171.68383262684554,172.83084,1.1470084376075818
167.84682002715522,167.39548,-0.45134273223334276
153.06362090482068,154.09888,1.0352560483043192
168.17799765694843,165.8146,-2.3633919440578097
193.17797362847705,191.43701,-1.740961909727048
153.4733426090768,157.61903,4.145691204399753
156.69207200819534,155.16797,-1.524103258195339
164.10883382936322,168.19366,4.0848307214180295
123.72164747744677,125.88945,2.167802595795422
165.9955547605379,168.69167,2.6961108888761487
161.25639613706875,160.24022,-1.0161770208578105
164.50030940303805,166.10207,1.6017566370010172
162.10712439076732,162.60057,0.49344628794361256
113.16276612136642,116.14418,2.9814141764851456
178.5601262067418,174.15047,-4.409659287796501
176.22242561662128,177.69875,1.4763201109177828
209.17457391429497,208.25359,-0.9209880988652799
167.9770853321105,171.49162,3.5145375926941824
194.24570768462877,195.2095,0.9637954891993559
156.50009501868135,156.53014,0.030041089717087743
159.0275894027812,159.8528,0.8252090591328738
167.26336018515514,170.42719,3.163824873438614
151.41069832901937,152.99506,1.5843578233243818
175.759108465297,176.78368,1.0245676821639336
136.7527357349168,139.83052,3.0777848949660154
147.67853502611996,146.07565,-1.6028819499480846
159.11179895198543,158.31789,-0.7939125994463723
173.76977673098662,177.60052,3.830748171357129
194.1858730457992,193.78908,-0.3967952870101499
155.47889697957538,156.85727,1.3783723075339935
162.7034589283437,162.22134,-0.48211493420308216
133.6898141658672,135.6448,1.9549917423359204
149.98362465785428,147.883,-2.1006290523855284
160.49685013036793,157.73956,-2.757287142086682
142.25078975759095,145.4793,3.2285040656512365
166.97063089541086,169.4718,2.5011708624016364
64.93635669879916,70.44658,5.5102222806930286
73.94380594366713,72.756226,-1.1875803577296296
70.78300691403808,76.56157,5.778562299829105
205.1000030771742,206.65475,1.5547515614976817
166.7946417422686,163.68144,-3.113199481526408
132.16111312140464,135.24559,3.084477088556298
154.11873075919345,152.24132,-1.8774130101700166
131.76444844291194,132.01038,0.24592753365055842
161.75124549611624,163.61934,1.868093493141572
152.09417837866,151.43207,-0.6621105075662399
131.5241380384253,132.33527,0.811128074855958
185.5545420509596,187.32014,1.7656026023607012
133.76644039910678,133.64636,-0.1200780944192843
197.52527253887257,195.38177,-2.1434976365288207
144.96395085563682,144.06572,-0.8982312511446366
188.3216997035617,184.29633,-4.0253740199679555
190.95406155145596,191.66273,0.7086734338955978
158.54637495263066,157.40465,-1.1417271254822197
152.60622431202583,151.22646,-1.3797686235492677
195.80989448122588,194.7986,-1.0112952380618196
166.0157393568726,168.25713,2.241386497619601
126.7772052677848,127.72762,0.9504177180550499
139.46618145318706,143.87146,4.405278507750438
151.0303566213027,156.09146,5.061104560337924
115.4257785811062,114.53263,-0.8931476606960445
177.76368753926636,178.29572,0.5320277927648931
142.35350644960366,140.47778,-1.8757232464786568
185.34465290671224,186.17314,0.8284885727799463
96.24098086938643,92.13509,-4.10588718042159
158.13433690047376,157.52635,-0.6079849717628178
97.42459014402397,98.24241,0.8178186084174399
128.48333023870686,130.2034,1.7200694194962693
174.49201040441324,174.06583,-0.42618398839761085
175.78337481832455,180.56067,4.777294126987954
155.19723240197874,160.06732,4.870089375365012
171.5437256135421,173.5041,1.9603790007157045
158.79852110466464,158.53453,-0.2639904650162066
186.7402854641329,192.04935,5.309061459695215
96.08459246156286,95.150345,-0.9342476129300508
147.23275500938396,151.3043,4.071551020889473
121.43878032151318,117.13362,-4.305159105692866
213.84124133580357,214.495,0.6537537813839265
219.9732437452008,217.19365,-2.7795944532086025
66.56514510194461,68.37242,1.807276162703829
144.67353372880066,140.90561,-3.7679245979412883
179.6484380048382,177.33292,-2.315521745072573
133.02335215253376,130.51793,-2.5054230753853233
164.8598145082969,169.42603,4.566210882328107
182.8428122116903,182.40105,-0.4417654587606137
119.39109176114485,121.95147,2.560377660241869
113.49314622438312,113.81728,0.3241374059879689
185.87587367475092,188.8227,2.9468191963428296
170.5541099750788,172.48563,1.931516245624323
167.6274061075155,166.83769,-0.78971384677331
148.72682129965267,150.64099,1.91416991128483
135.64904244837953,134.84251,-0.8065284102935948
171.16068764487858,171.12415,-0.03654213706607834
110.21666441362984,110.37078,0.15411653119437574
183.9783522252256,185.21533,1.236979806024408
118.61403709677785,117.54377,-1.0702672603520682
154.59328703461242,160.84677,6.253484205621959
124.363445145762,119.65427,-4.709178788340125
151.9614914057741,152.43216,0.47066801805402747
129.104886755045,127.45631,-1.6485802975254558
176.94929824596665,175.2304,-1.7189057899119575
190.75978209721663,190.37804,-0.3817455981931914
95.32729627809032,93.82873,-1.498568555922347
136.33952134179742,137.2906,0.9510822958978906
141.8286514518083,143.58249,1.7538375618635769
211.95093997967203,212.65065,0.6997100447420337
180.17000679982223,179.15762,-1.0123835088066073
135.5808855565277,133.43045,-2.1504351170745792
186.56682807147203,190.31068,3.7438561326295314
145.4514127190565,146.42685,0.975436646177883
122.40111088124304,121.36441,-1.0367004808524172
173.02226065731406,172.5564,-0.4658641729390638
156.95964269156116,157.33408,0.37443323617321767
107.15392528720967,102.914276,-4.239649164162799
140.0721813132682,135.40941,-4.6627727439322655
223.6967974982153,221.56677,-2.1300250372777896
173.61302990406767,179.4779,5.864875369369827
117.23688505550106,117.97398,0.7370987091473751
154.63425932720298,154.38356,-0.25069914653892056
138.86761948020512,139.46843,0.6008100852245661
158.00686043359158,157.3479,-0.6589600429665836
83.2259126787695,77.55284,-5.673071492246066
167.47902309808086,168.27863,0.7996023902003913
96.99221796692616,97.151505,0.15928654967540012
128.26431963054915,127.80075,-0.46356889812727786
223.20418104221417,222.01154,-1.1926453976829237
168.21937670682468,166.17055,-2.048829221473113
170.28116765760882,171.55772,1.2765563414146186
152.36690835438796,153.5226,1.155689912213603
164.20060476247642,161.96945,-2.2311528581795415
220.8735687267952,222.14238,1.2688110339469745
190.4673050615889,192.64766,2.180354240168924
139.8322966896045,137.1053,-2.726995786284192
154.23938909968146,151.92537,-2.314019836986148
156.0031276241958,152.54796,-3.4551692501723608
128.219302127506,128.40448,0.18517785296273814
155.52267944752137,155.88092,0.3582409626348806
120.77758154922248,123.15995,2.382368707125181
178.1401910308998,179.31734,1.1771460052329985
138.80041872611372,139.5898,0.7893792475190935
163.0967438071691,164.125,1.028256192830895
131.6910416199919,132.39737,0.7063277647737323
132.8581896075061,136.96896,4.110774015540784
175.39351119552882,174.73239,-0.6611198381069414
123.35115399859436,123.047615,-0.30353894732482445
157.2181040389329,155.07272,-2.1453806502610178
169.88843920188708,168.2622,-1.6262321706370813
184.2912800962955,181.11737,-3.173909490826759
145.3470473188966,145.69888,0.3518357377440111
130.20725563843413,127.73669,-2.470568931891165
170.0702269935922,170.70439,0.6341644858999871
172.04748047212905,174.42079,2.37331115384751
179.51850359824374,183.73082,4.212316103904698
143.6123792142593,144.40726,0.7948778658188189
156.13187689949575,155.78255,-0.3493299024254384
214.47631666280844,216.20331,1.7269914426603066
147.7076362819176,149.64754,1.9399009495277255
161.26622479510348,162.79294,1.5267134373183922
165.1811639062813,165.5983,0.41713321285931215
205.210300889998,207.23776,2.0274615611738795
139.58790901362605,140.25606,0.6681487256317666
116.15361211522162,116.78017,0.6265545107549428
182.73486818061107,182.74438,0.009516585013926715
179.92864873407677,181.2083,1.279648995415414
196.730303457814,202.3985,5.668195077342261
150.28762958231798,151.40337,1.1157365065492115
175.96116461911402,180.83464,4.873475883815672
122.40104306463552,121.35435,-1.0466958356316098
142.8557690828623,141.83205,-1.023722574073247
155.82162578112494,156.10376,0.28213398450006366
139.01617411807777,146.3715,7.3553316192269165
111.28923612649984,107.98314,-3.3060970884139067
90.72302010554368,86.48018,-4.24284127253587
106.07605031785738,108.845024,2.768973791029339
181.23261469043396,182.99762,1.7650049384722877
160.13786862434182,161.31122,1.1733496373769299
198.49484846032703,197.68987,-0.804983348022347
174.36188315784457,175.51305,1.151163106803864
210.6209068081422,207.70943,-2.911479928259382
161.5383994601672,164.27638,2.737982986121864
198.19601486904384,197.01854,-1.1774754403328984
161.92337396201364,166.72253,4.799160217673858
132.54229447873914,129.79703,-2.7452668908485123
146.6729894479044,147.15784,0.4848474661581008
171.62654736537718,169.87291,-1.7536378194787403
136.54718579836762,140.35529,3.8080998461636284
160.86595761301714,163.22354,2.3575836467484805
110.17736437081552,109.45382,-0.7235450959131811
172.21124963216357,174.8885,2.6772543961567408
138.4128247229708,138.05621,-0.35661134406456085
163.438985224149,163.44066,0.0016733451869299643
128.5588173529382,130.61021,2.0513968804602314
160.0890619784113,161.41896,1.329898592877754
134.18977713040903,133.51395,-0.675830597205902
155.73317342731798,156.21214,0.4789695170179584
156.32296375806828,152.34244,-3.9805260139276584
84.23377488901312,84.102234,-0.1315410022943695
140.40346992912538,136.95924,-3.444226154711316
196.64104892558328,198.80737,2.166324121291723
166.46461901341988,171.599,5.1343800100176225
197.94539309720383,198.6582,0.7128100277961664
150.83084166530753,152.48598,1.6551355075440313
163.9033199231345,159.8054,-4.097915260048552
208.20718932723904,209.48898,1.2817938270578395
155.81511496138765,156.13795,0.32283975052641267
106.72621488915838,104.27871,-2.447505477537291
125.90535595306824,128.89296,2.9876036416583247
184.87047525341097,187.10103,2.2305531889718395
156.66909849782945,156.03072,-0.6383825554466398
103.02051005563555,103.56036,0.5398537138956954
183.23527313505704,182.68953,-0.5457437161117298
200.92621317143792,202.272,1.3457900023902027
132.6342888015995,133.08089,0.44659803922081664
180.07138573140335,178.52614,-1.5452474257392907
138.05216518571282,136.03824,-2.0139266603221984
138.00458311178005,138.75638,0.7517950620480747
194.38510957561917,197.19458,2.8094705025058317
69.25688262951446,67.915855,-1.3410272217996209
116.66373480711545,117.31882,0.6550823315564287
177.6713276537663,180.48845,2.8171214429133897
157.53765603196342,158.08473,0.5470760237006402
145.15795103377104,146.61205,1.4540942543148958
178.24989529992956,176.82336,-1.4265310421170625
164.29645697687226,162.80388,-1.4925781926925765
189.6132920318508,192.46779,2.8544966644382725
179.162316814646,176.80186,-2.360452190622567
176.4277995252088,176.58702,0.1592213488146399
188.34392266344807,186.40286,-1.941060114619944
171.7019074621169,170.57631,-1.1255982580153443
134.56714276658855,136.41826,1.8511159004036415
202.7453744424656,201.82422,-0.9211556924655895
218.28447858446796,218.5208,0.23631914502422546
133.91435294214327,133.13168,-0.7826695925338925
156.8562036225146,156.3051,-0.5511041352099255
216.83065284098825,217.68161,0.8509572664336247
189.74946473821623,188.9348,-0.8146655438802952
189.04153900627023,192.67253,3.6309921216594603
150.05760326195409,149.67252,-0.3850873928134604
159.21760692905514,162.63084,3.4132371871558007
162.94301893999534,161.44026,-1.502757099175028
127.24791177752562,126.82937,-0.4185431862170219
151.13543711250583,146.86037,-4.275070291216764
153.8504048875264,154.52373,0.6733225294657927
164.43427559496598,163.38477,-1.0495099699659818
167.1843662034385,165.91618,-1.2681827317587988
169.31789468491718,170.76195,1.4440529469187595
195.13282982162923,195.27885,0.14602454848795787
170.95111445904843,171.25298,0.3018610048187611
137.01635878877923,138.19313,1.1767717043848336
160.70203683235343,163.41049,2.7084551110059465
152.0453237316151,150.09604,-1.949284913255724
161.32024024128367,158.55463,-2.7656137764399205
157.42872769115962,159.49515,2.0664200139185027
187.90588614476889,187.10841,-0.797472448479823
167.34486496876988,169.04468,1.6998127656051167
85.71585378918802,86.01971,0.3038529368862015
182.00182763295643,183.70808,1.706256473488878
165.46632968107951,163.84914,-1.617193328540452
188.29715831869385,184.4982,-3.798958855803221
131.19362553002924,132.1536,0.9599694406738877
203.2297868074064,205.68626,2.456477230679525
163.11153170512665,163.04242,-0.06911227153290156
177.00463668866917,174.26263,-2.742002411325416
163.6012950959585,160.85524,-2.746055227794443
101.53288313821864,104.04096,2.5080790810196447
170.80219806077685,166.387,-4.4152046525737205
121.1264530626936,121.11498,-0.0114704577131306
143.69412710659572,142.24846,-1.4456682442910278
213.75173785194423,212.96399,-0.7877485941317275
151.06406892294763,148.94919,-2.1148806905257516
116.33706703660206,119.907745,3.5706783247260603
169.5518749412342,171.38853,1.8366596046642485
152.18250553492962,153.30034,1.1178332101875696
169.24569022178113,167.76697,-1.4787224483436319
174.34467727525092,176.00027,1.6555973829522088
212.71046917525496,210.44452,-2.265950132286207
206.9519474161303,210.19452,3.2425716268384406
126.60705633788513,127.94816,1.34110192627503
153.23039819877565,154.77458,1.5441837104040417
143.5529078846324,143.45412,-0.09879106334332732
206.86439943807125,208.82129,1.9568896244287544
97.39694475463544,99.47087,2.073926217044246
159.00982853266603,159.44073,0.43090633061521544
141.08746170067366,143.02612,1.938661346201343
171.57708189647337,171.94473,0.3676507695422515
122.97078827440689,119.13012,-3.8406689506764167
146.8157788623485,149.69455,2.878770698198366
160.46124115191617,164.70157,4.240327451599455
121.00884958076206,118.04239,-2.9664606647464353
160.6816345300078,156.93585,-3.7457824792265626
85.8367734372619,91.93651,6.099734741449041
154.9127099770945,152.94554,-1.9671685952585563
133.39990829325012,134.82677,1.4268586745233165
177.32022540310993,177.02046,-0.2997633669771176
97.73487269807616,97.58714,-0.14772975374022224
120.35342844390576,120.00985,-0.34357889556591203
123.48889445176624,121.87624,-1.6126508604576486
184.4327496706185,183.63467,-0.7980755983528809
133.18218723963753,129.24867,-3.933514754285966
127.37470637251988,127.883514,0.5088080317769936
195.06320639323184,196.55118,1.4879715852837876
150.10706749066657,150.44617,0.33909950152093415
105.4328111193365,102.806465,-2.626345970410725
122.52678460218698,123.0825,0.5557120408794276
177.62032322938683,179.25583,1.6355056280350482
200.8742487740729,200.00453,-0.8697169137213336
97.22438276257692,98.67324,1.448857899044171
147.38832970135903,147.65807,0.26973609453941094
142.08189933789745,146.01701,3.9351142119072335
205.8351478812944,205.5861,-0.24904253461471626
71.47204276099161,73.61645,2.144404687738856
169.98933987694397,171.30753,1.3181857578216523
131.96568410794004,131.22983,-0.7358562270806601
144.85402131113202,143.28983,-1.5641958716788906
79.83914164921943,82.79735,2.9582063732415094
109.36088999145466,111.92221,2.5613207019047195
180.58056099363745,178.93486,-1.6457007641452606
224.1959260805633,222.1987,-1.9972261293914357
137.4458407374042,135.5287,-1.9171389551776485
143.69619343977234,143.90215,0.20595194596984356
207.0687522729774,208.2295,1.1607551733116566
214.6829370995002,210.47107,-4.211867763562708
148.49907884410305,151.18123,2.6821497935922594
166.16379800379246,171.37599,5.212193817496598
144.61793513465437,143.5783,-1.0396422879746865
204.0899886396965,206.12486,2.0348740312019515
174.69936036435132,175.86174,1.1623797479533664
154.29117597252989,152.4427,-1.8484727254595725
164.52551267025345,163.93349,-0.5920257317768858
170.5964187250173,173.26213,2.6657120122874005
194.4439495762359,195.31065,0.866704110287543
173.53938742646363,172.01436,-1.5250289059558213
185.76906358014975,187.90227,2.1332038759049397
158.77016272364324,164.4213,5.651132442372386
142.72955903367364,140.9959,-1.7336636479314507
89.452360659113,86.369316,-3.083044558038779
86.96743886809429,87.06736,0.09992105622211511
174.3950594946302,171.77596,-2.619104294434891
157.98868556610216,161.17172,3.1830368460072123
168.36098060925798,169.04802,0.6870387999217087
142.00304343236388,143.38934,1.3862998293548685
156.94547980482577,155.42775,-1.5177301710367033
108.25586496622496,115.108154,6.852289330650038
166.14919507279544,169.92905,3.779851558063939
140.0888245936539,143.48834,3.3995176915023535
157.1904153594404,161.87079,4.680373214778342
81.51251700887272,83.73893,2.226412739662436
157.39558844514082,157.2965,-0.0990949148673792
222.1232555243533,221.6255,-0.49775198431424883
89.22033350274522,86.951256,-2.269077704405376
114.22314920577388,114.74121,0.5180617317261209
121.28705622465311,119.81651,-1.4705431631296761
138.3687358454008,141.79857,3.429832880185131
158.83792655033034,157.25352,-1.5844017700568997
167.71391429996893,167.64015,-0.07376232242987157
153.80930245181133,153.5161,-0.29320442935039637
189.95966815976007,193.06578,3.106112479888367
135.9457649401126,139.38889,3.4431205579342645
95.36603647055054,94.38616,-0.9798746663513214
74.74368236759254,75.77709,1.0334096123879277
172.66548103690104,176.18951,3.524033123255208
211.3875424790874,211.7619,0.3743593763813635
85.68223352837387,82.09549,-3.586744026420746
131.1936759275805,132.96574,1.7720680909741873
175.5632236568685,177.70224,2.1390163333658734
184.7412218991988,184.46313,-0.27808713357379133
149.527096527262,146.25316,-3.2739379579260515
164.4483239014021,166.29845,1.8501227538713465
116.30497071482262,116.84312,0.5381460454312901
204.72230982677863,205.2688,0.546489001346373
150.6745239352477,152.82433,2.149801626275746
157.83775839869148,156.08574,-1.7520192629492897
184.3418395029614,189.40526,5.063418675749546
147.51268837856253,147.38957,-0.12311623500784208
155.44667237971385,155.592,0.14532285954396684
192.98040868990583,195.5792,2.598784425328546
97.495069384748,95.77448,-1.7205866576972255
178.21042114111498,178.43167,0.22125000146314733
103.59789698006792,101.9716,-1.6262935865132278
125.05855009464204,124.2,-0.8585531463998564
158.3963556494408,157.17743,-1.2189264502220567
164.23479954478478,164.44957,0.21477015736365956
122.149167719138,124.50497,2.3557990167018374
181.02638187298405,186.18085,5.154465294984703
71.4691742651378,70.661064,-0.8081101171885763
112.28535033373883,110.0936,-2.1917529216294582
145.2360162038221,143.5392,-1.6968163747205267
178.2916608112287,178.723,0.43134639091974236
189.9833703785065,189.57181,-0.41156251717836767
212.32824801308595,211.75607,-0.572175015039079
131.18701632907715,132.52469,1.337672391625972
153.20046665090788,151.61392,-1.5865445317672595
205.53867667317468,209.44733,3.9086499869815725
83.51620331619648,84.714745,1.1985412516746123
139.35343242761985,140.09187,0.7384407413254621
204.9411568337001,204.70212,-0.2390389137782165
162.06116078643038,161.80873,-0.2524297073288153
123.85050962285332,123.50122,-0.3492889197283233
128.70946708471422,131.66824,2.9587763234889053
162.84710793345442,161.44627,-1.4008341297434868
196.845665341807,198.57234,1.7266765771383064
172.3580372097863,174.33647,1.9784343478308983
174.8594199807282,177.04272,2.1833046286467948
201.74165968304672,201.86366,0.12200303667984258
171.9056371219665,170.09999,-1.80564627723993
157.68153155360093,157.99826,0.31672894444594135
108.71257150806176,108.32348,-0.389092809331288
197.42183925325472,198.56316,1.1413168746749704
196.7814428514999,197.19229,0.41084840826573554
183.3690082050335,182.832,-0.5370074726116343
134.5195229218342,130.83415,-3.6853707001545217
84.94851462195996,89.62884,4.68032296348926
164.03073734884364,165.26038,1.229638627718856
158.09598055706363,160.97882,2.8828402437176237
150.53585944503536,149.62218,-0.9136823210119189
161.97737162553514,162.14532,0.16795308149610833
120.75925300658108,120.51505,-0.24420021117092006
149.22103811602233,150.62106,1.4000251163995472
176.83849078278854,177.74387,0.905375184008335
206.28186260316275,203.99586,-2.2859977349986877
198.72865928350572,198.00516,-0.7235018128025956
137.763875430448,142.33078,4.566904598848879
186.46085801925392,186.16205,-0.29880967941016934
81.1873409735604,80.89088,-0.29646420354086445
112.05350857337828,111.59092,-0.4625890787493745
146.17331458797796,147.60286,1.4295449090923569
93.12611590824584,93.58682,0.4607066015197887
159.37112911215456,159.65889,0.2877606583532497
156.33715104678788,158.79256,2.455405715907432
163.9381097153344,163.83221,-0.10589535986565579
190.06867959265816,190.38304,0.3143617891777808
94.56049559006678,93.98682,-0.573679183816779
185.53840220288757,182.78941,-2.74898875073913
98.60079813124187,94.43418,-4.166616917862967
132.39425764571996,132.99355,0.5992878865066018
162.9982715633243,160.97745,-2.0208240535586697
117.65186629275983,115.92,-1.7318681238145217
159.13179316257862,161.44177,2.3099792983588827
157.57146757861054,156.24898,-1.322489917477725
181.4975820514075,181.26001,-0.23757228578250533
140.45137896209602,140.51556,0.06418500274773464
98.8855703128642,99.46676,0.5811884151631403
153.70340391517038,153.86174,0.1583361971343038
146.39859929846716,147.67386,1.2752593441109639
171.5121574363634,173.81961,2.3074531593397296
211.38528150082007,216.57855,5.193270745273679
139.6395624888024,138.7846,-0.8549555552086474
168.7796768451607,171.15018,2.370500156792417
138.91164405709654,141.57385,2.662208481965962
118.59976744665866,117.540825,-1.0589425565219415
192.69831365304304,194.22514,1.5268297795741432
165.10220592306555,163.3187,-1.7835108547061793
84.2671335413918,84.3467,0.07956903429179363
103.59322740324104,103.18195,-0.4112739730652635
169.3291563636586,167.26468,-2.0644774085804727
193.6911586589719,200.0308,6.339648836145301
143.6856374891744,143.42542,-0.26022245011191103
147.38427751402537,149.67084,2.2865598883183793
148.70704710555464,150.21211,1.5050653212031762
202.48674419714837,204.2769,1.790157047968819
135.1873150381557,134.02548,-1.1618328604213275
193.7323785506888,198.30156,4.5691808975533945
204.5163373686761,209.01779,4.501454379370784
157.02968269806223,157.88394,0.8542589523283937
181.5702816377461,177.68146,-3.888824118214842
178.1063511304222,180.49742,2.3910701342262257
164.42922051701777,164.72256,0.2933441802478569
165.10334736926538,163.29985,-1.803496905398191
164.08009509055483,167.14972,3.0696241477264152
188.3030428161144,190.57658,2.2735410461902745
123.44450581454252,120.92783,-2.5166722574136173
142.96764628977775,140.16656,-2.801081348371497
98.27979196198709,99.892006,1.6122139584230695
153.75306729828907,157.27057,3.517501549367182
176.21708113448983,173.86046,-2.3566227604663936
187.3294948009841,186.14528,-1.1842158703200312
134.59257208097534,136.69621,2.103640687579343
210.8571453664429,212.96443,2.1072863962524195
144.89105060715642,144.85202,-0.03903034348454071
164.15769264371187,161.09373,-3.063957902500931
199.92270547225183,196.65498,-3.267721951744022
139.71223473068582,136.78531,-2.9269258927951967
158.86726829956413,158.49779,-0.3694808239781935
175.23119624498352,173.50568,-1.725519975452272
161.71177903071086,160.89355,-0.8182243432108578
102.45130881178298,104.515686,2.0643772233732705
173.17204436784365,173.35907,0.18702545637509616
144.48191719985428,141.38428,-3.09763985610428
112.4543449508276,112.62637,0.17202834018802093
195.14804462786648,199.73824,4.59019084576633
215.28454013773924,215.86476,0.5802212147998205
183.8097772810596,185.65813,1.8483495499950777
192.34036308472227,193.89082,1.5504602795355424
146.0975900921688,143.0954,-3.0021921429500367
184.46902492165103,184.78531,0.3162839162395983
154.26863238149133,152.59355,-1.675080745749142
109.69250645219093,107.940605,-1.7519012886167076
149.19108054582335,150.07774,0.8866629844500835
155.74522573319308,151.94249,-3.8027361091696434
143.68250061683352,142.28705,-1.3954522769897721
125.3796657945223,120.06802,-5.311642112881671
164.17632286133323,160.76581,-3.410514755864483
142.0349019935058,143.32492,1.2900186607910769
145.58939899947356,145.13785,-0.4515510990829341
118.5062732560138,116.84112,-1.66515539712708
166.31395985602677,165.01605,-1.29790760993302
228.8457608117662,228.96129,0.11552764038222563
98.3048986506619,97.79552,-0.5093816828884599
189.90307988248952,192.14534,2.242260083330791
164.84421191435334,165.1093,0.26508679170134997
158.21410123219613,157.15486,-1.059239782000816
97.69582961040172,95.82453,-1.8712980552259353
151.04890139838443,149.4887,-1.5602081610797427
117.76980332453606,113.92023,-3.8495762737548063
145.41555234099025,147.9734,2.5578515896738168
149.86697241546224,148.39685,-1.470121829524743
205.32564588536096,208.00374,2.6780925179593567
208.47313343376368,210.50093,2.0277973523691344
149.7033754672684,154.01616,4.3127835903488005
184.0137509253099,184.4048,0.39104948972916986
204.00321769918952,206.14832,2.14509773049798
216.70724719542324,215.37447,-1.332781253040423
150.31882540437397,149.07005,-1.24877230378803
106.12931576701764,108.66707,2.5377527144276684
227.16867613381703,225.58319,-1.58548521584828
186.46808233992883,188.27489,1.8068047450321103
115.4270056912849,115.85204,0.42503746057056446
114.14551391356594,117.46693,3.321412661141096
134.2379090345577,129.65169,-4.58622141248739
116.1793299552961,116.395355,0.2160252693132776
201.9677961515073,202.18048,0.2126848055239634
138.84979464351582,137.82378,-1.0260183983986337
131.13225110076422,125.94898,-5.183268861994691
171.47061198498017,173.26732,1.7967067406057708
143.15182548910872,145.3149,2.1630701407740958
132.92646604238797,134.37051,1.4440478736276532
158.43947748926183,159.48628,1.0468048593709796
194.3028751140294,195.22308,0.9202083820643452
158.3452112801435,157.65907,-0.6861384041669396
155.85500435094963,158.1323,2.2772893502222473
160.0685813359409,159.8777,-0.19088053027684282
134.2144132821306,133.72012,-0.4942899911149823
102.00596437977704,103.74951,1.7435473389729594
178.23859228397572,178.44443,0.20583520625865503
135.15078281047622,136.61009,1.459309352609722
160.20088447384748,161.80487,1.6039861316212694
127.05272958974274,127.43125,0.3785219361361669
78.74964665685525,79.8053,1.0556511947072522
140.07034256607218,144.4835,4.413162682951253
100.60697763359444,102.62072,2.013742276073529
89.38370640212914,86.593636,-2.790070843047104
159.53483870726188,157.71349,-1.821352989488446
218.61475870514408,218.85448,0.2397182235668538
147.19304965925676,143.69019,-3.502864112381758
175.17644024928947,178.36212,3.1856813327417797
183.655086783822,187.49739,3.8423039632483267
96.21092395342242,98.044106,1.8331815763627333
139.47883199711873,137.8952,-1.583629360399982
180.34374571239124,175.47269,-4.8710589448131145
107.58721558935036,106.6786,-0.9086190927683333
196.06286428561907,196.05225,-0.01061819186907087
174.34975977610603,176.06593,1.7161734514330362
187.13987323944244,188.83853,1.6986582546981879
108.75608513020696,110.33285,1.5767624650078886
188.99367647799036,190.46884,1.4751650747440124
178.2229046085355,176.4524,-1.7705120304104867
176.4864430037424,175.57967,-0.9067768660470961
197.07219192048117,196.21272,-0.8594691421608616
109.35560730895206,107.51779,-1.8378155609051845
140.28623786835328,143.45415,3.167909470513905
170.42501872079055,169.02101,-1.4040073682514844
180.43694115490257,182.93806,2.5011234202927426
162.4084206788391,163.61958,1.2111624510437196
175.02456762251478,178.99509,3.9705190474070946
173.3654856081488,171.49905,-1.8664316530706628
164.8165275042178,165.70575,0.8892220075009618
121.726338785558,124.743004,3.0166650596568445
149.82907325556897,148.94247,-0.8865988903345965
173.234138211892,167.56926,-5.664878568337315
210.21749185456588,210.7476,0.5301125155513091
154.14862690850185,154.75691,0.608285322943459
105.92407006552372,108.28223,2.358156496976278
165.1093249450027,164.89406,-0.2152667174636349
119.29381335499302,118.0572,-1.2366157841922387
195.08701233605083,193.86008,-1.226935431753958
152.22950305950127,153.39478,1.165272331123731
193.6303966862035,192.77893,-0.8514660221410111
103.7687211668932,107.35781,3.589089807227893
196.27788318272692,198.75296,2.4750770223512006
90.55949635753883,93.70025,3.1407523607228853
162.95310252419452,159.7536,-3.19950144997577
136.73486724308054,132.41292,-4.321949152260231
222.94662500812024,222.6453,-0.3013308186671111
160.92701005358464,159.20203,-1.7249836863971382
169.40788088256534,171.12822,1.7203387219268507
151.01377708755518,149.11865,-1.8951247438051837
175.56569489873834,173.63548,-1.9302121106524055
178.75573139729931,181.49011,2.7343809073881857
166.77491274623026,167.50792,0.7330065652931808
122.64811598798912,117.70145,-4.94666945478599
90.30547582572828,88.14362,-2.1618524736774987
163.71077704351958,164.77448,1.0636980541366654
192.95346042266576,193.77791,0.8244479025295561
165.47473108739302,168.34746,2.872726798349163
148.38786604511932,150.14938,1.761517499802551
134.75828171147532,134.73912,-0.019161228076882253
169.97622871325896,165.78441,-4.1918201439230245
187.511085911105,187.84734,0.3362499043246885
75.42229911026008,72.714966,-2.7073332899475844
166.224036631932,165.56075,-0.6632913926741821
190.894540201846,196.37398,5.4794374592868
177.5934559169499,176.7635,-0.82995188862958
166.10034461090646,164.18364,-1.9167050845392737
104.97222878848676,99.80879,-5.163436674228947
159.59872443671512,157.65292,-1.9458008527307413
132.28365043332985,132.67749,0.3938398010451465
160.6470253075541,160.63474,-0.012290200132213158
153.17997626936966,152.46306,-0.7169177976899732
120.35824619369907,116.10369,-4.254555092624855
135.86136989489387,133.39278,-2.4685934056360566
176.9910601329111,176.32605,-0.6650103282235875
76.30445730698588,78.091515,1.7870572804164624
138.08435212402216,135.38516,-2.6991897705065355
86.36818573819838,87.01486,0.6466763223484975
200.15261299421945,204.21698,4.064366986249297
187.5810098372924,190.4117,2.8306875504028994
150.2564606187846,153.20294,2.946481275746663
230.48060712485963,230.7502,0.2695912393981814
161.92296955731575,159.30453,-2.618434645206378
199.00680931929764,193.94151,-5.065296257774207
94.08310969973957,96.185585,2.10247532223309
177.88591258185303,178.0937,0.20779164177977805
187.79356562286875,182.76328,-5.03029047638438
136.65048578012366,133.41394,-3.2365453504361597
89.8683903106293,91.405716,1.537325631753518
121.0448187304295,122.12524,1.0804177808009712
172.87240909164242,171.45528,-1.417132602384612
158.0638122748102,152.01,-6.053817767974266
134.78121506099427,136.10466,1.323444973185417
152.7415606190136,154.69106,1.949494678837965
187.6985094331587,191.09253,3.394019863716295
168.19337053819257,166.09285,-2.100520806747255
215.0270473624826,219.18658,4.159537110173659
130.44924256660994,132.40309,1.9538488640541232
159.31353644030787,161.2999,1.986359799926504
155.05500286274474,153.55339,-1.5016123598150557
140.87636726804064,145.4008,4.524435344264049
128.8827782950055,130.89915,2.0163763680804436
165.11052375076352,164.6048,-0.5057263874822695
198.2041038234248,198.91791,0.7138038914189622
122.5583186754071,124.51789,1.9595722547686876
170.2198807929762,171.81755,1.5976698662034892
180.7349809314245,179.24767,-1.4873155261510647
184.96404473259383,184.40483,-0.5592137999766464
120.34653579771872,122.655106,2.308569793101597
185.8948046944944,183.00342,-2.891386725744411
198.01391569180595,191.38353,-6.630386028720011
181.3351064018297,184.23465,2.89954325637342
85.12161522361731,84.65137,-0.4702480361173116
105.75779207984525,103.193886,-2.563906276622589
151.76292326410035,152.00658,0.24365327398558634
147.7582549272576,148.32077,0.5625153364142648
156.6014036747739,156.52092,-0.08048387496921805
114.38647810846474,113.04585,-1.3406254473319308
183.78569426014013,188.5291,4.743404250602055
155.76943142818064,156.05005,0.2806173999443615
153.36943576352897,152.60895,-0.7604880096227191
170.34562619520548,172.10576,1.7601324717867044
110.99434629744336,112.03654,1.042190872966799
133.1290279004033,133.27373,0.14469951658890068
168.70735878031556,170.74606,2.038704452106316
135.81909894553263,129.7533,-6.06580304709513
156.2976428360687,155.37161,-0.9260302872405646
122.60626360059454,120.78894,-1.817323170907045
161.06639883046682,158.87,-2.1964037132793237
168.25274984195812,169.06465,0.8119016472996918
111.17352374182536,106.38884,-4.784684020145676
231.56198002117108,228.38588,-3.1761005045695185
142.55870819181462,143.07674,0.5180282583806957
143.7918678272871,147.12743,3.3355583201738455
185.47741602817112,187.10445,1.6270303829616921
89.53329212121515,92.08385,2.550554924683283
153.93523650646935,151.86465,-2.0705819654537265
174.16453204940922,173.44916,-0.7153743345654675
207.30018245135827,207.43828,0.1380957468839199
76.59051136505731,79.65373,3.0632209347473776
146.44906088005703,147.49191,1.0428519617398422
160.05318373538807,159.46129,-0.5918952832396371
126.96839562015909,124.65651,-2.3118862207450235
169.1853578078414,171.40366,2.218298198017976
146.74735361638267,149.26189,2.5145329802970195
153.24709681080742,153.98909,0.7419931550128922
211.1488827455057,213.30785,2.1589633238302497
115.5493542395301,114.391556,-1.157798453397291
182.5812921748342,179.47273,-3.108559630888891
171.37878320178504,169.64012,-1.738661741824103
95.58426675159522,95.53228,-0.05198678333350415
129.51033826255238,128.18866,-1.3216785945836307
146.4638059144348,146.76805,0.30424523302613693
157.85648813103668,163.15993,5.303439237127378
187.95658431302297,187.51646,-0.4401200796245348
200.072382590306,196.5193,-3.5530802221419435
158.63016478802956,158.74173,0.11156494829856456
102.09627008878832,99.53949,-2.556780342694566
147.29669220512176,148.05634,0.759643244096992
168.16365913543058,169.85695,1.6932897171084846
82.6885646972855,84.06596,1.3773990478316875
109.78224893609168,111.0922,1.30995229681848
135.27823333820533,134.63791,-0.6403244026584503
174.09770612960668,176.49815,2.4004475569167596
184.74990839505915,181.49109,-3.258819527871651
160.53331901876038,159.06944,-1.463876269736943
107.3846662293059,104.584816,-2.7998502503020006
161.85044872480174,162.66457,0.8141173152373256
149.3652604763186,147.99191,-1.3733476345217355
208.5863631580016,207.51706,-1.0693038318297283
167.53076767850314,167.8078,0.277032614465611
126.65597833616056,127.658424,1.002446041280848
159.2396380699601,159.07764,-0.16200135121010817
205.3854241706752,205.64343,0.25800844651229227
104.04397182650224,104.78063,0.7366601925407252
174.43736188404466,173.18848,-1.2488853215446625
167.77488694266387,167.26944,-0.5054472453982441
166.2129707023309,168.9947,2.78173449786442
122.4986881395656,119.635544,-2.863144316323414
96.28995033304696,94.89998,-1.3899716953516474
116.06074971899412,118.48266,2.4219086672363517
176.6897498314007,178.63708,1.9473351295368104
168.40362893459798,171.11145,2.7078212607145247
114.03164891417156,117.54689,3.5152413446175075
171.99215670181673,168.73285,-3.259307580722975
168.78514002312085,168.09589,-0.6892537926520959
114.92320741397664,116.64037,1.7171658160038277
203.2638093638707,202.32944,-0.9343721080113312
134.9383565240317,136.5762,1.6378458685464352
144.29420676271215,143.9329,-0.3612996582199628
129.3447510960469,129.5603,0.215551638328094
128.39339430320453,127.94378,-0.44961531150531187
196.40567571712785,199.29713,2.8914586822862134
162.07880600674562,170.43228,8.353475487395002
112.81355086917604,111.62086,-1.1926936304065094
162.38841285200374,163.68834,1.2999263813946982
181.15074630144412,183.92278,2.772028967110572
166.74905855910606,169.67407,2.925013706518939
121.53171442252555,123.53463,2.0029153992517905
198.17748194804796,197.06203,-1.1154549705088925
143.05958624372897,145.28973,2.2301476429897775
111.48464968594666,110.77565,-0.7089996615326015
172.01114369568594,174.86588,2.85473154845468
95.5556141170214,100.67491,5.119297382002031
140.94748645223922,142.75557,1.8080830057685944
180.22631569955416,180.35289,0.12657431509427397
138.43128192706388,140.01436,1.5830765934439341
141.2500698854722,142.0684,0.8183352658950014
157.90899003271997,158.39482,0.48583113427221747
131.06337164883035,132.80402,1.7406444644508952
169.5700253170263,171.54869,1.9786654788721307
154.82959114976373,153.5757,-1.2538922972246667
164.46198771212636,167.36644,2.904452107209579
153.7943919657945,150.2898,-3.504597043919489
197.27683723943025,200.02989,2.753054728343187
175.38912319733345,176.73477,1.345648531182178
175.84877202924287,176.47939,0.6306133467336963
183.6795279844156,184.0701,0.39057089253751087
188.70994740620984,195.73573,7.025785626016727
192.45698465009625,197.24301,4.786026824513129
186.5533033127496,187.99246,1.4391588454535338
140.64200408375285,140.64821,0.006204534411210716
173.07260103794795,174.98245,1.9098513546301774
164.302949255962,162.1387,-2.1642468633838803
169.6798182437259,167.4953,-2.18451795075714
184.026311515313,182.52625,-1.5000663981255116
132.76875832997197,134.66124,1.8924812940514641
117.51461238505875,112.10139,-5.413225361132973
162.75959942273806,163.49,0.7304060704259996
146.76308732976634,146.46736,-0.29572587957102314
156.5333752865639,154.31935,-2.2140240902748474
128.55095517390544,122.9264,-5.624555942948405
149.61600387427495,146.15446,-3.4615391525952646
132.2650081371335,131.1331,-1.1319057201413045
99.45223181923907,98.41089,-1.0413431473640742
147.30479649237805,144.69055,-2.6142447345655455
194.09570430106916,201.44844,7.35273625068865
177.12483341374718,177.95924,0.8344103606668796
146.79090999679116,148.4872,1.6962878791854052
156.99108334083462,155.23145,-1.7596380283346207
80.88386622420603,86.10199,5.218123521887719
141.88316450466516,140.54172,-1.3414469753682852
102.13287651051712,104.195984,2.0631073762016285
160.54044924554677,158.25204,-2.2884045678123925
172.37986161848818,172.38998,0.01012251237119699
152.52187081463734,149.19612,-3.3257495988170263
163.56308661652895,163.84187,0.2787865524163635
160.55501022701986,163.16838,2.613370510284824
184.52287909864648,185.92982,1.406945730455078
129.96629846975367,132.48596,2.519663444308833
152.07991755541212,150.70972,-1.3702007585371234
117.98873941552552,114.31825,-3.6704868520489526
109.75071954478136,113.55969,3.8089728380311385
167.6231834074752,167.29926,-0.32392803638146006
174.4533444091195,172.9213,-1.5320492431038701
128.32529690763704,126.45739,-1.8679070760940704
120.32091042765484,122.24551,1.9245958589662564
133.4951691131654,135.2198,1.7246337432799237
117.8514310859782,117.87336,0.021928594197575535
131.7258304849144,131.5243,-0.20152323393784854
149.86578574919622,150.59384,0.7280558035381546
169.82257489887908,174.50407,4.681499197800605
196.58608765809876,197.64355,1.0574670294012378
75.04086603695197,71.17803,-3.8628341155652492
130.72791012406412,125.853645,-4.874264799357093
162.06821606349123,165.71387,3.645651124008765
169.17553013919675,168.00838,-1.1671530640014396
222.14385708388537,220.74864,-1.3952151161119275
142.43926629780304,141.16951,-1.2697564101077319
153.20764190546612,151.3162,-1.8914492785129937
167.28991447175017,169.7781,2.4881922177029594
170.0820296253673,168.18425,-1.8977797474376246
159.69208767623556,164.04596,4.353871796420691
111.7693454491772,108.16708,-3.6022617089428195
140.4863478191146,137.41817,-3.068180704856786
135.1486309641305,133.90158,-1.247050153583615
131.9734771067823,128.83615,-3.1373259837354226
160.2272362363386,161.26732,1.0400824892473395
187.8450371865536,192.86836,5.023325240204201
166.5850239442574,164.55423,-2.0307942079292616
124.13764672297648,121.53722,-2.6004305364530467
83.19854743619976,81.47944,-1.719108654461479
169.41553404561267,170.10735,0.6918115354420138
144.5957194833198,142.99974,-1.5959788827338741
164.284062836751,167.83612,3.5520577687177592
126.99013725908428,129.44193,2.4517877897438467
142.48928749627163,143.64426,1.1549690955252458
104.57108086109072,104.63657,0.06549293041318549
160.1169806934048,162.42691,2.3099297069858267
178.79525154664603,178.54774,-0.24750679566946587
150.19629607134647,147.88042,-2.3158792012292793
186.22965473314616,182.75531,-3.4743446745524125
97.46023991646643,94.682594,-2.7776456171500286
170.16608041763683,172.26643,2.100353298183478
135.81433132493532,139.16502,3.3506924787756134
151.53557812318795,152.94214,1.4065605486870538
233.16358362969456,229.36217,-3.8014162712961195
156.61626265919332,154.87491,-1.7413542119276997
197.00576572395968,201.5657,4.5599386217434414
144.90590669515325,146.21791,1.3120040714483139
141.37859951512644,138.27202,-3.1065810825092512
105.52910150281022,106.26379,0.7346848131077479
126.45558148933677,123.94507,-2.5105131299617653
214.70604966172368,213.20667,-1.4993846226611822
122.84165667814776,119.03197,-3.8096895150618195
187.4633003010572,189.9507,2.487398551481874
201.24598328512096,198.95242,-2.293560189417832
169.5821081366193,170.8414,1.259292009865078
127.83565645012104,127.50759,-0.328065202562442
155.4829021969798,153.75107,-1.7318340817454327
187.4358231800612,187.27037,-0.1654526966627543
183.93758381353456,184.40518,0.4675980712310661
105.8874810734015,109.47178,3.5842977962274034
135.74427726777563,137.87695,2.1326758572243705
193.7100078572997,192.77757,-0.9324352254637631
167.1162065393723,168.9214,1.8051954381667485
171.33813895863705,170.1666,-1.171543499652671
84.83589842895019,80.536835,-4.299063712153313
138.29174124615184,135.55136,-2.740380162167469
161.4945202578649,162.61423,1.119707037056969
145.51412979098237,143.0645,-2.449630889615179
137.02196522360848,137.43265,0.4106824814696495
106.04984769418404,108.678566,2.6287182848198682
119.98222562687296,116.791916,-3.190309733318273
132.13980950003605,136.34749,4.207678903284261
140.1379222658577,142.23077,2.0928516599235536
217.47541125483815,217.40912,-0.06629260249439994
159.63291723204668,159.85568,0.2227651410001954
138.14631200075965,137.61267,-0.5336411023221501
191.18373678707377,194.23584,3.0521030566762306
204.49687110646423,202.24043,-2.256438367206414
155.28001814643747,150.56438,-4.715641315382783
173.2766309217338,175.84544,2.5688128038521256
139.17102524223503,139.07219,-0.09883591118034474
115.14925941870726,114.68247,-0.46678718970335353
107.7790559935151,107.887596,0.10854013685599284
196.79080093554845,201.03648,4.245682829099991
151.94180084124233,154.76285,2.821047059148299
164.68797003554727,165.43799,0.7500182457027336
171.30859622863815,172.87698,1.5683874139399734
151.89807600570077,154.7729,2.8748274366820397
152.10721813485438,153.61322,1.506002079989372
158.214574351386,158.80972,0.5951485490046196
149.81408019880092,148.35513,-1.458947142160298
118.78667489642142,118.04846,-0.7382129823589167
161.6654576931541,163.19164,1.5261774386818274
129.07690642027393,122.118835,-6.958070971055179
143.04163895349996,141.99503,-1.0466133187343303
160.97838272701227,167.26355,6.285167077675226
97.52669632488572,96.11164,-1.4150553947099382
210.3938740157265,211.9932,1.5993205643516148
99.47921282556123,100.80316,1.323948795532516
192.1120032141785,188.61179,-3.500217325506611
168.79829689277108,170.24475,1.4464540837914228
140.21113768724754,138.97267,-1.2384661784584807
144.06733624340546,142.84277,-1.2245628059054638
176.16750252405933,178.01105,1.84354483922192
191.1839765633555,191.94061,0.7566362296132638
129.0213865545872,127.27145,-1.7499403265598517
163.5331944825653,160.56294,-2.9702519776824943
129.06694388933994,133.6801,4.613155597964749
179.1711628754204,175.58318,-3.5879872162407196
147.7292441573337,145.34547,-2.3837699141696476
116.23530977945722,114.78539,-1.4499170182267562
168.08694655624504,165.01173,-3.075212547455976
151.63293233841466,154.36751,2.7345755961556506
118.80086857614974,120.18653,1.3856624907447923
125.23043002125226,128.03029,2.799858675036802
128.76920871417065,129.3135,0.5442983659074798
152.97310566701492,154.74677,1.77365946970383
76.0660724246044,79.55202,3.4859447873096627
116.48015927681996,114.00908,-2.4710802973277737
199.42313455319697,201.88806,2.4649269702405263
164.75164860818006,167.19379,2.442138012913688
180.2337632807646,181.711,1.477235254391644
146.62608584769356,145.34772,-1.2783685625373096
144.8847954019189,146.13622,1.2514198080420442
168.68982975685475,165.07254,-3.617289473651624
89.40273059569289,88.72998,-0.672750126942887
194.9385411571597,198.12375,3.1852076221371703
173.80386324910694,174.3164,0.5125430008930607
135.21958167493148,132.71046,-2.5091171973924133
174.65139705346317,176.97455,2.323151286380579
181.99233704205636,184.63036,2.6380187929045746
168.77217735749542,167.26299,-1.5091921280032352
167.18843563340454,167.02214,-0.16629513047485034
191.83944115133176,193.45634,1.6169034531604325
153.74967963833518,151.04997,-2.699707104155493
158.5300064971128,156.72784,-1.8021622588315438
112.37689262474382,111.91049,-0.46640068138444235
178.21896774125187,179.2597,1.0407368485918767
151.4500912127272,148.79645,-2.6536434588209374
178.34416358616912,175.55501,-2.7891556515988043
174.50413365390392,173.29446,-1.2096695425757957
106.33132928694704,105.06031,-1.2710189231775075
154.87324131427582,155.57002,0.6967812687319963
179.42757483291308,182.95345,3.525870601657232
163.01602238008945,169.47562,6.459594074988672
177.85842044017642,176.29793,-1.5604925837311043
124.07095259282568,125.38613,1.315178693795417
186.99254100475008,183.66476,-3.3277766004532054
178.45836886248094,178.69861,0.24023953595656167
169.75677406009171,170.01633,0.2595528442051602
103.17326280194104,104.870895,1.697632583801152
135.72561141571984,138.49887,2.7732594338895353
141.7979619504783,141.49948,-0.2984807493064352
163.35294639832358,162.21652,-1.1364241815267064
191.4766571570528,190.69371,-0.7829468299043754
146.8260344774013,148.13853,1.312500068497144
185.89421433973,185.40894,-0.48527879285501285
194.94195263666828,195.54022,0.598269531300474
161.66890139181857,161.23593,-0.4329699953341901
166.21837254292154,168.59674,2.378368179734707
201.05081347038623,203.6903,2.639494146801269
186.4846196597036,187.76506,1.2804407651010763
178.7429253692533,176.56274,-2.1801812286282996
166.40770613697157,168.24576,1.8380519196690557
127.47103015730802,125.4909,-1.9801320249838028
145.54214309039045,148.72585,3.183702246523609
182.6280457285036,180.66878,-1.9592682626832811
164.78980713268265,167.81319,3.0233795128251586
183.28515576058624,183.5368,0.2516484386325146
156.6656180441047,156.90297,0.23735131624687256
207.80958009557008,207.73544,-0.07413698033570881
102.87895470798269,103.44092,0.561963260767314
205.6272731071053,202.98605,-2.641219640308435
164.1653511673902,164.17204,0.00669167928947445
141.24642673727237,142.01035,0.7639187217120025
179.3781149476079,177.06837,-2.3097403138188497
223.76916880439168,221.1195,-2.6496619684541827
162.09631705900463,162.4294,0.33308052400317933
150.82958356564322,151.93651,1.1069246130677186
128.58088119906864,127.45957,-1.121309360689736
144.31330067093114,142.95174,-1.3615642207358292
122.54292422741128,124.357025,1.8141009190730983
142.0804157751839,140.53207,-1.5483418005745193
157.4390585803553,157.16393,-0.27513340945685627
170.73971107009035,165.37851,-5.361201548605976
182.96098965156264,181.75284,-1.2081515167970167
177.75938157116627,176.66652,-1.0928624061272103
188.42899487547515,184.19258,-4.236413698717342
141.91178540916513,143.04836,1.1365696933739287
106.71759428255216,110.26713,3.5495337081705003
196.68600360896664,199.0435,2.357499198650544
149.86288489459594,149.68901,-0.1738742744787487
169.33000571853256,173.66339,4.333385394748689
194.32823595388075,197.77882,3.4505878986583127
129.1983737591627,127.691216,-1.5071582440259874
131.47905098390922,132.99455,1.5155016283954694
102.0198461615802,100.09834,-1.921503266072392
162.92215159824252,162.01157,-0.9105854361331467
96.680243926075,95.76233,-0.9179148245124935
151.46325830174817,152.36043,0.8971695546971432
163.6750691481729,165.76907,2.09400433815523
140.884563616308,142.72939,1.8448217596685765
195.3851294195957,196.87439,1.4892602288418004
198.8850489601089,203.22609,4.341040517430173
205.48222863914415,208.00731,2.525080320816784
133.9020644964313,136.15947,2.2574051080608797
162.5254778695018,164.67584,2.150364415654451
124.7663390504412,123.39987,-1.3664672242693285
117.61383080789324,121.1765,3.5626676051927006
194.94038979807948,196.51733,1.5769441862955205
170.42312476222952,172.53291,2.1097884457782925
143.78974416771558,144.53398,0.744237155526605
163.28892938019305,162.9399,-0.349033750310241
103.39476387747948,108.01475,4.619983742149429
103.0797682761782,104.55129,1.4715241432553938
151.2763717147853,154.42226,3.1458847549412496
192.7479412074113,195.82147,3.0735309605574628
144.9119515942786,149.54283,4.630879826619832
159.80264863685915,159.89467,0.09201994224241616
83.60909654946302,80.51557,-3.093524955224737
140.70106267673566,140.71558,0.014513495139340193
194.9404392636721,197.50798,2.5675410830075975
96.3985821554366,96.99928,0.6007006814774627
99.3487690017392,101.91119,2.562417216522519
180.902082310964,181.71631,0.8142262827859952
133.39255802641898,138.75868,5.366124224557581
200.58575253359308,198.01588,-2.5698681341790177
176.17843931132825,175.1467,-1.0317413132813726
190.39031759433857,191.3246,0.9342826253879934
166.84192645569837,170.46284,3.620918392934442
144.83555128446298,143.67697,-1.158579848916105
137.41855627446603,139.91994,2.501380859323035
140.25501034448342,143.37877,3.123758576415014
139.3826998414394,141.35205,1.969350939810596
204.3212895244828,203.1826,-1.13868759577187
172.59352074438584,172.95572,0.3621982497547833
178.62812117255604,178.17625,-0.4518669000950979
139.674781067106,139.82748,0.15270306375336418
120.62128476406389,122.866196,2.2449109146470505
154.01611219189522,155.39911,1.3829966948235324
145.91526494081083,147.76083,1.8455687994235461
199.46086947658284,200.68375,1.2228768613077818
162.06071033906795,162.62668,0.5659681277289224
131.4852138085222,133.54858,2.0633701758528105
148.62270109055,150.12311,1.5004068196062406
168.4150651433486,168.37146,-0.04360518241111322
162.39834025433242,164.35162,1.9532832808238254
165.95672765248693,164.05508,-1.9016434239713078
190.2977976226557,191.19243,0.89463096621148
163.90180163137464,164.69731,0.7955097699925489
165.04225249922283,162.13295,-2.9093026701212636
182.6066826702452,184.9653,2.358618843426683
202.22158567681072,202.55618,0.3345971845174063
126.88127862974666,127.75727,0.8759921832416211
183.59578553030883,181.9079,-1.6878875810900809
139.4663396058594,139.07674,-0.38960315566407644
203.42289331795573,202.97003,-0.45286157967447593
165.18943642170547,168.03995,2.850511088060159
149.20321826211713,147.33855,-1.8646715091874455
97.51959383624796,94.1338,-3.3857971443534325
136.6152459785912,135.4749,-1.1403466865990026
166.58903711858363,166.24644,-0.34259241643519545
136.21860721446842,137.40816,1.1895501341643921
122.99020343880892,124.0308,1.040596426913737
133.14608479906323,134.35818,1.2121000153898933
178.48831254342377,178.1139,-0.37440568307221156
211.43237478189707,211.79951,0.36713998861074515
181.1299799433853,180.6969,-0.43308052932280816
185.78496897859128,182.93808,-2.846889144606905
180.21150257504985,177.53772,-2.673782848487349
169.12208970058148,168.21051,-0.9115794466752334
145.73739098946663,145.80077,0.06337500174430488
118.04011995595076,117.77745,-0.26266939442731996
166.2457393591477,170.7748,4.529056173078857
142.53254354610897,141.30656,-1.2259792150542808
96.40112761681192,98.66117,2.2600433426607367
112.68170551988464,115.33645,2.654743149548949
99.87428422419192,101.35809,1.4838090375268251
113.08885123512958,117.31731,4.228455283425106
200.1119511330837,200.5432,0.43124649875224463
109.02595307684744,108.57863,-0.4473245368083809
131.2849611145361,131.17883,-0.10612810672358819
151.47447083478187,148.6835,-2.7909686375162437
172.77567567921582,170.50992,-2.265757466325198
177.52878379196662,178.5756,1.04682350783807
167.68479315101655,167.18768,-0.4971100455477995
161.47541979420328,163.81082,2.335401738999849
133.691025265802,137.77571,4.084685793768301
160.75853028684406,161.34117,0.582640977804374
142.90453796580374,142.75905,-0.14548950388967796
185.5431589354647,188.56767,3.0245137940274844
144.88351503959575,146.10396,1.2204430902870627
107.56582078746736,106.83478,-0.7310429554361093
197.2043028346013,200.09032,2.8860139378596443
69.1989699284613,69.69828,0.4993104060113609
179.30462320069324,180.5814,1.2767824389551947
179.8202348932661,178.41037,-1.4098650202192289
193.93792200779785,197.7862,3.8482718398583984
168.931462212658,170.76335,1.8318892277716827
156.21741227341732,157.69684,1.4794261054889262
105.31155998716685,106.172295,0.8607346295323737
112.6361520140097,110.761566,-1.8745858519003207
167.15945090384747,163.58366,-3.5757869634177837
146.37416476886543,145.64313,-0.7310373274591768
180.83395650224213,185.33318,4.499219156937556
118.00759658704432,114.618614,-3.3889823902669747
168.69568019660667,170.55708,1.861402933276139
108.2771404093188,108.209206,-0.06793478187739765
96.55968290859796,94.290794,-2.26888853603937
106.68201247160444,107.33033,0.6483174234150937
188.4454894785713,187.31133,-1.134164405329102
163.5595252613863,162.85281,-0.7067115406831874
144.5877244972785,145.14946,0.561735341588701
174.28253339873805,175.57713,1.2945997799728843
202.46950703767916,202.15295,-0.3165529361166648
155.972860304735,156.29472,0.32186320600717977
206.44414455456445,208.1805,1.736351661255867
159.37657501527735,163.7798,4.403225399761709
203.96468798191395,206.98454,3.0198548647657333
134.37041637633018,134.4272,0.05678394105262896
140.67539633072937,140.09192,-0.5834773854168702
188.8860370916686,190.58759,1.7015483575501378
166.33811384748853,168.77063,2.432516035323971
138.74124028102875,137.26376,-1.4774768532943767
159.82620359144062,158.5655,-1.2606976099953044
183.39001870319493,183.47845,0.08843588664882418
174.05451562046477,174.89456,0.8400461471133553
220.567625456067,220.86504,0.2974105546751957
160.74501062165973,163.83638,3.091369383223082
95.02305099059537,94.57986,-0.44319411803677156
89.6852019684031,90.21749,0.5322891814992374
161.44970835315772,160.43605,-1.013657938118655
160.53894375070092,162.81436,2.2754178215647016
86.24803275230408,83.52292,-2.725114051132209
102.86940762536403,103.45325,0.5838394449484667
185.9410699448569,183.80591,-2.135161741731906
160.29207307611017,156.55147,-3.7406051806023584
85.93066783484161,87.485466,1.5547981685763546
177.91232035791273,176.55348,-1.358838302248671
221.554332461637,222.50923,0.9548991057458238
173.70907598519204,174.74709,1.0380095860970187
186.3777113631368,188.92012,2.5424088761210157
187.722475103843,187.69429,-0.028184942710197447
97.91758497826592,100.28404,2.366457380132516
176.93463311184604,175.53362,-1.4010179995413523
157.22776455140462,157.81871,0.590945775743819
227.76446038195505,226.79556,-0.9688976378144218
191.68740934561845,190.96057,-0.7268380565559482
168.7438980460675,172.3596,3.6157058357684377
166.5387718030326,165.74075,-0.7980186292044777
175.9204938811641,173.92365,-1.9968488616328557
205.4842217483608,204.82874,-0.6554863967982953
208.3551947337773,210.67809,2.3228905933711417
180.8720624567187,180.89194,0.019874799140666255
187.81140492891848,191.97066,4.159252419714335
126.39461549625342,127.035934,0.6413189519887652
192.10673683007064,193.92877,1.8220351425856052
144.85002975831134,144.05048,-0.7995536840925865
157.76399510057126,155.65985,-2.1041440263525146
115.76395486328278,119.26613,3.5021736767562857
169.00997653890423,169.87372,0.8637417228145239
153.59509856795833,157.86299,4.267892765049481
159.50329618315644,160.7324,1.229110433054501
115.78160528013856,115.24581,-0.53579381773622
195.18171222232183,198.1124,2.93068401791254
195.96979809792447,196.51254,0.5427446266849074
165.89714574683452,166.4611,0.5639595998451625
127.32756910932328,125.87037,-1.4572001518037467
190.14085989864304,192.2724,2.1315400037007066
160.85630847525465,164.7244,3.868087276698475
173.36034627967075,176.4612,3.100850619743312
96.71443230360305,99.21058,2.496146614853984
111.41930299353972,114.432846,3.013543075796221
159.0042681269459,158.92868,-0.0755877070240274
133.48969546424993,136.64304,3.153340424421941
90.24455731128651,88.48252,-1.7620362541576071
174.17293592824856,177.80347,3.630530868626437
133.98733661008788,130.94763,-3.0397047741503798
78.3187123330731,84.40239,6.083677193294093
145.32449833509995,148.96101,3.6365154588453663
109.64580179389718,106.70464,-2.941158544385459
184.6863940168976,180.59258,-4.093818943655407
176.35756043212066,174.92052,-1.4370434643472265
139.18979710293632,140.2782,1.0884011392511752
161.99920685217643,158.36429,-3.634918522098303
123.3704347307358,127.20669,3.836253196510299
114.28960042002234,112.348495,-1.9411049366239013
152.39510589529692,153.27206,0.876958313687453
187.22163117502828,186.03935,-1.182278758036091
186.94892290395936,186.30986,-0.6390626744671692
194.1937590225436,197.15182,2.9580659286282867
155.74715500238722,159.21239,3.4652320825737206
155.17161255546335,153.26956,-1.90205078788523
177.1185956736117,177.92229,0.8036913136929797
191.4557143345882,193.10027,1.6445511683414793
186.06041276891125,184.96625,-1.0941652103174988
143.92502331214428,145.02234,1.0973155550432239
110.7526499661571,106.28017,-4.472483340180531
132.00068008180702,130.61584,-1.384835355244519
159.2672052531325,158.65213,-0.615075126179363
150.75572043855988,148.6187,-2.137022318442689
133.50356027006802,131.24742,-2.256139005419584
151.69949913637595,148.51677,-3.1827297271962607
127.6888468296466,130.30621,2.617366549259657
113.13018781051446,115.8789,2.748710810091012
188.05253801087156,188.2275,0.17495527526125443
115.25338734473404,115.86981,0.6164246669847131
173.4489134546086,175.81923,2.370315671367962
86.59090629048225,86.63325,0.04234108500602929
163.19060790187453,161.71222,-1.4783886635932788
194.5704655265688,193.64563,-0.9248356437562961
150.15114015408722,151.35358,1.2024365060690343
178.12828817850885,175.10983,-3.0184554148369784
83.64702053359468,83.55047,-0.09655208877046562
126.7416467363662,126.08391,-0.657738655311519
101.68384918843802,103.216034,1.5321847471088574
185.33886211488004,183.37836,-1.960505181286294
134.86510674608098,135.59235,0.7272394453252673
172.16891838628504,167.35387,-4.815051809136605
157.1536856064942,155.43117,-1.7225180039551446
136.5262058619344,138.95985,2.4336482640421764
133.58990581541636,135.56404,1.9741353222789542
120.29194048826214,122.812454,2.5205137353706704
91.5191608007855,92.18363,0.6644710961871567
86.95128929420756,87.046936,0.09564674094869474
155.40705092668114,154.83687,-0.5701826405483246
160.0181702217717,161.36223,1.34405817178299
168.71087929292142,170.363,1.652127298875456
100.49589931377989,99.87155,-0.624347800108012
170.8137611006912,168.67957,-2.1341956710037095
168.67826715582115,170.25813,1.5798657787491663
131.26571864991,131.3421,0.07638340087123652
137.94425968495636,137.1652,-0.7790527757766768
158.15593758295728,159.93903,1.7830882959489713
195.47717774612468,196.53798,1.0608013798518812
206.5739119900041,206.8357,0.2617813693709081
182.70824764421312,184.55008,1.8418317014900083
99.93710319452958,102.25901,2.3219071204118222
171.91751725264348,168.28955,-3.627966471393478
113.87155025734566,111.52939,-2.3421618296112854
164.98264803283962,167.92395,2.94130216247288
90.54708496097562,94.17581,3.6287268066025007
163.2183330591564,161.97955,-1.2387798365001572
193.3978615667156,196.4351,3.037242803401597
90.14204900386052,86.347145,-3.7949039232941146
173.0554392173581,175.97835,2.922908560962213
152.41636705612373,153.7003,1.283935067899705
133.5708989787667,134.33183,0.760933906975481
173.67680945051677,172.66476,-1.012045046219896
197.30450511798605,196.51181,-0.7926948152516786
154.01101183088,154.32881,0.3177998146278185
120.83164676955325,123.76656,2.9349166459740985
206.47324509683597,206.97752,0.5042787068749703
121.15090526456196,119.61563,-1.5352741610463312
157.27881864231946,159.71216,2.4333395608055355
152.91639225314157,149.10297,-3.8134259445478165
119.00633182291554,117.92745,-1.0788797355131976
161.344982560449,165.50368,4.158694807715051
199.3508727291603,198.13956,-1.2113158443946759
198.29714229479808,197.33421,-0.9629290379621409
109.05397774950116,110.40774,1.353759982432436
151.0176543980637,150.86755,-0.15010068712621205
181.7984016585912,178.70491,-3.0934913802708763
165.48964336532032,169.30563,3.815990179601556
125.14403619245428,126.348145,1.20410833879572
159.28976896228602,159.13634,-0.15343168201258095
149.2640069485564,144.44366,-4.820342397775164
182.35061314427813,183.87338,1.5227694240812468
132.52351158650322,131.38916,-1.1343514302532185
196.142266697484,197.44513,1.30286269704726
157.4261190123638,157.37167,-0.054445428379438
156.3730764343089,158.164,1.7909250305348507
149.76911081454972,147.90051,-1.8685981192372196
169.01033941250728,172.80835,3.798010196867722
168.93007886638452,171.53163,2.601552603342043
99.95500411611764,99.54745,-0.4075569115277915
182.80072779599263,181.94737,-0.8533553594691909
86.49002847383716,89.8592,3.3691710500886245
154.92601516630367,152.83449,-2.0915272512646084
162.37426824441457,159.97542,-2.3988501535942532
145.7282124525443,145.7069,-0.021318531645874828
187.80023730182697,191.12907,3.3288367948527195
146.50388168613532,146.83858,0.334695584372497
167.46028249232444,172.58644,5.126158547714624
189.7206346430533,192.94945,3.228812988782636
193.076968486234,192.9522,-0.12477427236680683
141.60263297418288,142.20485,0.6022162689811807
121.97392063203048,122.88058,0.9066564553718592
167.10950520915793,165.93016,-1.179344686696993
128.3398658225492,124.19748,-4.142386574502325
124.58549205345756,126.51312,1.927630505136193
126.08924487394025,125.34975,-0.7394981698386829
134.73799931369183,131.4404,-3.297600143769955
134.13246016221,134.75473,0.622270062399366
151.97801834988968,152.3029,0.3248838717900071
172.25650947873703,170.88339,-1.373117144752655
163.40807764346442,162.55415,-0.853924201081611
104.91992507381634,106.03075,1.1108213861445932
114.67410225877788,107.04521,-7.628890466785691
201.38491427614304,201.4122,0.02728665159133925
175.5813140677164,174.09073,-1.4905853079507665
153.0087006250964,153.61589,0.6071898778332923
127.95559418774944,129.5711,1.6155117692818095
174.88145713198918,174.9915,0.11004372250300776
200.63774443969504,199.22803,-1.409717095945041
177.43451242291863,178.95094,1.5164305702454328
178.77063422894128,179.17094,0.4003099849259115
123.51312765101102,126.14427,2.631144199574919
97.26886764925776,100.035385,2.7665174825781804
94.3849118898227,96.206696,1.8217836668179217
167.5346850822159,168.39214,0.8574505379012862
129.0822679109914,131.24974,2.167472689594547
182.4959674399868,181.32681,-1.1691546958461743
158.06236903498382,157.21126,-0.8511111004135046
172.7222239565082,176.58629,3.8640644956402355
149.55284118070443,147.43694,-2.115905755899746
167.76023818864354,167.99246,0.23222396955958402
191.55327167915215,192.92082,1.367550464402541
197.4273613614024,201.56862,4.141257413011658
107.77445693659476,108.28727,0.5128126556903965
211.92373118900156,212.77072,0.8469902465453174
136.8885733232787,137.55667,0.6680978192994189
137.7917559468925,137.44629,-0.3454668843924935
117.94428209657733,116.94503,-0.9992518841749813
167.89924625365688,164.89645,-3.0027923962350087
176.0473800305897,178.45299,2.4056076403087445
157.0608250548896,155.82619,-1.2346379211005285
165.8144164212559,169.98125,4.166830526986274
91.69044856738516,89.129715,-2.5607336015648485
167.15430762157413,167.33592,0.1816146196368038
136.77576137223178,137.93709,1.1613266404635283
208.83117437745875,212.79291,3.9617333373849988
154.04953769162825,150.26903,-3.780509981667308
138.91305999492872,137.64339,-1.2696731541084034
178.23420194079463,180.37367,2.1394705445569286
194.97388051572236,198.71976,3.7458765643557683
115.90717341618893,113.59227,-2.314903518727988
195.65656717252355,198.7334,3.076831264976448
147.6627619161711,149.15797,1.49521232699297
226.67058827861013,229.08344,2.4128467799836244
104.37563968265113,104.83613,0.4604885522121549
201.417740344645,205.16069,3.742949962972176
152.2365364004419,150.66074,-1.5758003164575314
131.0279485952733,126.09267,-4.935281969296739
187.3901822996128,186.33757,-1.0526121091831158
141.58593687634848,140.92474,-0.6611932240047338
157.4458629453723,157.67567,0.22981149310425053
168.34108215303087,166.8883,-1.452776488968368
150.9088914787111,150.07872,-0.8301713859376605
141.17297445211938,145.1923,4.019332066435311
162.9369812771858,162.8234,-0.11358650179516872
154.62500742856213,156.02403,1.3990251642113094
161.10745572585293,161.41911,0.3116574333267579
159.89699263201507,158.63907,-1.2579240284994455
221.97452405463133,223.22995,1.2554258965405438
103.28081316823628,104.060486,0.7796726716074716
150.76324422520656,154.83205,4.0688022835824995
189.5536312094026,192.91457,3.3609348306364666
165.82045006913944,168.9627,3.14225745039181
202.2243017677404,205.35255,3.1282525535486627
129.02105173416516,119.93373,-9.087320655063593
132.6212184990605,130.62932,-1.9919002617558021
178.136029714454,179.97841,1.8423790990225655
159.06280503948238,163.39261,4.3298036030957405
156.36137694958146,154.71936,-1.6420165980189552
157.49283639665663,157.7298,0.23696096662462196
179.2904288466124,180.902,1.6115639512391624
168.7059608232394,170.13454,1.4285759199246684
187.77634642103231,188.89166,1.115316176623935
160.03098169307387,162.72963,2.6986478235276934
154.45838084652596,156.26976,1.8113792853099824
153.0519797240768,153.99582,0.9438393677200736
116.62993690379248,121.75527,5.12533500782861
173.50857831844144,173.44131,-0.06726362117581175
136.913358676578,135.68713,-1.2262248875155137
77.12085592734869,77.73474,0.6138852835888144
180.09146674688006,180.81891,0.7274419445261913
135.3033481366939,136.39969,1.0963405840092264
187.54910809382736,183.54718,-4.001927918046107
185.73676191601103,186.14209,0.4053279277389663
127.4052611866257,126.70734,-0.6979247608444439
168.63543494971378,165.96304,-2.6723917368231582
149.8413517449717,147.91682,-1.9245274041513767
190.7946336716056,189.53894,-1.2556932419180953
181.25165832949216,180.82083,-0.4308270306640338
154.05015289309642,152.57393,-1.4762240600886116
148.68242107080505,147.37933,-1.3030875747112987
168.0016195306476,168.74448,0.7428567877117871
157.47557992513066,158.1002,0.6246245426427777
134.2468366833393,137.97575,3.728917100840391
181.56029914013575,179.03406,-2.526241522948254
185.06532745592784,185.65724,0.5919143653612196
158.8014480105522,160.15323,1.3517807492134182
117.0174585680568,113.062035,-3.955423961123202
170.28457928952676,171.95032,1.6657380932857393
151.17566446971546,149.52777,-1.647893473621707
136.12775429240156,136.41786,0.2901076460750005
169.6634093708161,171.20981,1.5463989787932633
127.260878003507,125.85455,-1.4063247808507526
180.59215505224583,179.8532,-0.7389598618161415
183.39527400072367,182.55872,-0.8365581804111741
159.5919956477315,159.95175,0.35975606125288095
151.8337316368605,151.83864,0.004906668803556613
125.83983984919892,126.70268,0.8628426459182634
151.37855137563298,152.37433,0.9957772376482694
155.59206052897372,155.79419,0.2021289241512818
177.68698494373197,180.51675,2.8297692066586535
134.83444957335135,132.87274,-1.9617078741325997
126.22718311215306,128.53398,2.3067982110891307
182.26553481260373,185.30287,3.03733689149783
166.18584050034283,165.38895,-0.7968939671397095
155.60752746658912,158.59206,2.984528807824944
157.6573532876973,156.28833,-1.3690232095723047
153.04339889950236,154.91945,1.8760499530366985
193.3509329533175,195.43391,2.082981231252802
93.26894266071125,90.55456,-2.714384860418278
193.67388138756831,192.46552,-1.208366250849565
165.55791085688662,166.566,1.0080834058086907
188.3708653099411,192.65378,4.2829127662307656
163.22315297208752,163.18704,-0.03611073575939372
106.8936653876151,108.205215,1.3115500664864612
168.1994566771236,167.80486,-0.3946013304439191
180.2296781307948,179.41008,-0.819598174740122
93.37695982267122,91.718185,-1.6587743978665372
161.55721174824004,165.42805,3.8708430613302767
94.87301519571048,97.70308,2.830064027922333
102.24097203729612,102.01156,-0.22941350458127374
186.75787120532087,182.65404,-4.10383372973493
145.70209943349573,147.68797,1.9858735889652053
191.93394135558887,192.75806,0.8241152850361289
121.51990693875366,124.42624,2.906332074918211
143.84630190375668,144.01863,0.17232907768863015
175.5226179399316,177.98541,2.4627946577246576
137.8274737365584,132.52937,-5.298100567613091
135.18592575026935,137.74303,2.5571009831290894
127.24631969656453,127.24019,-0.00613109793171418
127.40507276907108,127.90971,0.5046409760461046
218.5337857777855,220.3402,1.8064089243629269
119.45563263706345,119.45589,0.00025420375686735497
130.80920906233592,132.8718,2.062586591960951
191.68914840518283,194.14737,2.4582209795827907
75.81365511918055,79.58453,3.7708785722256977
151.48368232760356,152.5344,1.0507109829433148
132.3690882533853,135.09889,2.7298039585287484
148.9496848002828,144.45245,-4.497231187001546
180.61689449027224,178.71141,-1.905483967811307
96.12307710324151,100.9022,4.779121688262393
135.86258637668163,137.01904,1.1564565920683663
105.48189707186792,100.54984,-4.932054237395263
139.11636130918643,134.18402,-4.932340313092681
156.00427203773577,159.23962,3.235351985701726
126.75659287235982,126.56459,-0.19200241825825515
88.24508291760019,85.8869,-2.358181062131436
175.82207141567108,176.60556,0.7834888870632994
118.23527700365604,119.37662,1.1413404279845878
144.4327753693848,145.1576,0.7248174040526862
179.8488214878076,180.62834,0.7795201869970754
211.552573061638,213.99855,2.4459773534010765
142.4688944058303,139.17226,-3.2966379361037355
109.51428244568012,109.19883,-0.31545279480121735
151.07373036024117,154.17387,3.100143541126016
182.59630437990728,181.56529,-1.0310120215088432
169.28596161661835,170.45558,1.169620048420711
153.9872090802338,154.9957,1.0084879412505643
124.0734596643412,122.607346,-1.466114083286513
197.01136044530185,197.90613,0.8947674843856532
207.4962474340178,208.72939,1.2331379419587734
227.06807380353777,222.30853,-4.7595410886940215
113.82886967299804,111.15547,-2.673397871240226
172.9698339293164,167.25836,-5.711472112910144
139.7543062118,141.97609,2.221783265739049
219.67133258773637,222.0771,2.4057700733964396
139.19880159827335,140.64778,1.4489797737969639
149.71723547625518,149.65588,-0.06135168719268336
90.6266411130497,91.401085,0.7744437868526433
177.37429546149724,178.15611,0.781817209401197
114.53156112645578,113.63954,-0.892019500479222
161.27543485973217,162.53178,1.2563491978850152
196.8288093958409,199.22588,2.3970664586512953
87.9442276381987,90.486626,2.5423980331880216
163.54206530351146,166.55109,3.009021122269786
148.72358727206858,147.87932,-0.8442690347638973
150.7702979010608,153.74474,2.9744378167126513
169.70590984908637,173.09633,3.390418886265195
135.43781767482687,132.17278,-3.265042406272187
106.68986457650816,106.51659,-0.1732782727972193
162.01205783182928,165.62387,3.6118130177800936
160.2026484452437,160.10555,-0.09710340129839778
171.3299429258016,178.77068,7.440732733378098
178.58643510686778,179.65022,1.0637876714525305
126.35926256077656,126.64786,0.28859510523906806
165.49248243759803,163.65259,-1.839894546973028
178.49639963313766,178.19295,-0.30345224544234384
141.93458630620398,141.62357,-0.31102063237585753
89.41854792722582,91.584595,2.1660467993366836
190.68713857293312,191.42825,0.7411146008950027
198.16572358291427,197.88731,-0.2784097401408303
98.70245673697406,96.696465,-2.005992198399838
133.03909795888606,128.91866,-4.120442563378248
110.32183517021474,113.50721,3.185374607617291
157.73319806702037,156.38428,-1.3489207232703677
168.73842549657817,167.68239,-1.056037190914111
135.43177791990524,134.08743,-1.3443450585771188
108.06796023245624,107.64781,-0.42014834280780633
190.2992389888841,191.15631,0.8570720462721511
160.8353038954099,157.77225,-3.0630565809567827
156.40639863367508,155.14503,-1.261363843636019
157.13832327057128,159.24667,2.108350313413098
189.668223239254,189.50722,-0.1610058320274277
154.07970237861488,151.72746,-2.352239610060195
139.197811259685,141.61292,2.415103779377489
182.98006344709037,177.68167,-5.298392304512248
177.64176762998034,177.4929,-0.1488629668943986
170.49702694019018,172.75842,2.2613959113723183
127.50597766483205,122.17681,-5.329166446570326
146.58721277650582,143.33803,-3.24918482240426
126.73035924942918,126.54796,-0.18240087540574734
163.36315292266562,167.15555,3.792395173037505
139.2132439199304,139.96199,0.7487464365149208
158.56897206313204,162.66064,4.091672468117963
177.8441707207183,180.06259,2.218420832016079
168.51469475583383,168.25793,-0.25676018552132973
167.3449390634704,169.31805,1.973115135748344
149.470466993073,149.42348,-0.046989820221426726
118.42793375605616,117.527,-0.9009333288100692
124.72209178180128,124.67058,-0.051513778871594695
207.3132268763651,206.91699,-0.3962346888650927
189.7622038078621,195.32663,5.564425830809768
176.1146102679058,175.7848,-0.3298049700542265
82.72032507157327,87.64408,4.9237560441493855
142.35144758093526,146.25543,3.9039845479709925
164.7493742825441,162.07184,-2.677535903637846
201.23862605370147,202.13048,0.8918518515719711
136.3103998413119,138.92384,2.613443542477171
83.48626149302116,80.32489,-3.1613713563024106
167.16959663297013,166.5529,-0.6166944112904389
175.66550112958456,177.02087,1.3553728938529446
126.4937400654818,126.37521,-0.11852644243492705
179.0082489717817,181.11246,2.104208303608914
148.20684372944547,147.97087,-0.2359727577657793
132.04175630960546,131.11664,-0.9251181260117107
176.19355986684943,177.11963,0.9260690394005735
192.93692378860115,195.1546,2.217678262180101
152.95949089043978,153.26465,0.3051575470602188
154.79406450366508,157.81844,3.024371165280229
157.08957134052207,157.24649,0.1569191379935546
86.91694893762778,86.62718,-0.289766930791842
167.9701333151673,167.23746,-0.7326760397766634
200.2346633656301,199.97058,-0.26408231094259804
159.41412142089473,154.13449,-5.279630454097855
130.3023361824362,131.58682,1.2844863273294322
121.4686989154421,124.603035,3.134336057702427
184.70793227864644,186.77226,2.0643302945957487
166.04444560337527,164.2475,-1.7969480447815158
175.82373657271407,172.97693,-2.8468078617765684
148.3780271460331,150.07993,1.70189839107627
216.19427327666048,211.84634,-4.347929282519857
167.2802550020063,167.23685,-0.04340807817817449
136.88772603364276,134.97644,-1.911285603955264
162.9388136816483,162.24591,-0.6929030371170484
192.72356379625413,190.94138,-1.7821880638322511
176.18239007707086,175.64766,-0.5347307753130508
196.559924705092,193.2304,-3.3295322490372996
96.03251454624689,97.22807,1.1955585738703007
176.6379433245148,176.53778,-0.10016256279604363
88.09962012921025,90.203125,2.103504870789749
216.67133181561667,215.08401,-1.5873169230385429
176.68391783638452,179.77423,3.0903131206467265
166.90318722728938,165.60352,-1.2996716022893793
164.83400601427687,165.7616,0.9275906654106336
195.6156560748158,200.07452,4.458867850965447
137.62081113117904,134.82776,-2.793052342116539
149.558250914227,147.77838,-1.7798695665707385
136.29276628950694,133.65471,-2.6380574272022557
174.80429659298863,176.7987,1.994409461698865
156.94862233792966,154.8582,-2.0904222646874757
171.60597909076674,173.53467,1.9286888779832623
167.8769705602033,169.07431,1.197339742531085
127.082589339443,129.45004,2.367453385166371
69.30479402666703,66.70054,-2.604255391413119
151.7853907484348,154.52997,2.744577513283957
161.21181204624892,156.37186,-4.839955356795798
215.815021471627,216.0926,0.27758411919330683
164.15806727123794,166.72661,2.568541005129248
187.57944224134343,189.34099,1.7615459178362585
135.42018418895847,135.97171,0.5515260161196522
152.241661762992,153.06956,0.8279030563439278
115.7431549588513,118.3036,2.560441537730725
201.57866696434343,202.41505,0.8363873569456359
155.76236430641035,158.39575,2.6333876467146524
165.7954904191038,163.4854,-2.310093080236612
121.4664208653107,120.30065,-1.1657693150177266
170.83644172080264,171.78848,0.9520409452129854
108.98367459086046,112.94082,3.957144195760634
138.6160250199569,138.18402,-0.4320040238631577
206.77669846715992,207.79982,1.023121479129145
187.1476585281081,189.57924,2.4315803634934525
131.7427178274731,130.57068,-1.1720391165355863
197.84909442430745,201.1751,3.326000180184735
119.9794244995366,120.94043,0.9610051879633943
152.46424444466737,152.59373,0.12949029654356536
166.02004700110794,165.60689,-0.41315918372512783
184.150997462329,186.37976,2.228763279858498
171.0216471368093,169.46136,-1.5602823907155425
175.41376517762734,175.80278,0.3890149737398474
198.3500856760378,201.19397,2.843884050524707
168.5567838706126,167.71292,-0.8438627280344804
160.3830485608811,163.20486,2.821815941072032
165.53010691404808,172.03502,6.504912006850361
114.8819229285984,112.13029,-2.751635758188243
186.6517160271155,186.17859,-0.4731271599279978
102.21706440404,101.43925,-0.7778172726923458
163.82633207018569,163.27902,-0.5473098533888106
85.25057599969875,87.79017,2.5395927625082777
169.37347780329048,168.20482,-1.1686590777045467
134.87206180101714,134.39328,-0.47878177172026426
105.35819411811718,100.003555,-5.35463882026562
199.1519142357306,196.65579,-2.496121999402476
151.63162308157897,150.75552,-0.8760993999383402
155.58697189706163,157.43782,1.850848537508682
174.7007961157937,180.36113,5.66033364494848
95.46230927676808,93.64742,-1.814886486240738
185.3863486958116,188.17859,2.7922401713759086
137.09411977600206,137.28621,0.1920893304432525
174.23168328256835,177.59227,3.3605866148925827
104.17465522416256,101.59671,-2.5779450190844386
210.2146478570953,210.61041,0.39576474056096345
155.1053241060022,154.91736,-0.18796570756470032
157.55955357812317,156.84868,-0.7108749892559842
119.02120688937028,120.60005,1.5788449905125361
175.299729381024,173.81299,-1.486741099774008
157.23413450362617,155.73055,-1.5035894596808532
167.38227516945526,168.66556,1.28328269187287
183.77558543940032,182.98494,-0.790645864205004
170.14365017627003,171.73268,1.5890310981440336
160.69419073986728,163.3153,2.621116877320219
128.1604380129721,126.10644,-2.054000329866625
212.90189459613987,208.26906,-4.632836368600806
195.5548363254944,197.73923,2.184390969427483
97.04992254371892,97.85027,0.8003505886052977
183.29062440510637,182.18051,-1.1101129304969959
130.0696394451989,125.19288,-4.876760722054371
143.8690267893898,146.1918,2.3227761891258183
165.95994060578138,171.20062,5.240681952812366
156.1918195715543,156.67477,0.48295459836757004
142.03244981720758,139.39217,-2.6402836795122653
201.3391459674297,200.48067,-0.8584788531718743
168.70940791327035,168.05591,-0.6534997101453541
207.38104306915244,208.45644,1.0753930880741223
147.7863653756845,146.45401,-1.332355365918886
158.95808740660414,161.01608,2.057995357067739
181.3544721023001,178.32373,-3.030741633550093
118.6676824491236,120.85423,2.186550338962334
125.0627942299398,123.54431,-1.5184827065022972
137.0824262348367,135.2702,-1.8122235981179529
151.95491891745633,148.96216,-2.9927607143313253
167.7407202720138,164.32417,-3.4165472983809764
135.46479933825455,134.2489,-1.2158979710670508
99.03479718351832,99.581055,0.5462575039816784
125.26610372441766,125.41029,0.14418985468390133
124.56615896575568,126.70874,2.142581268619324
177.3636688090997,175.27196,-2.091711411638755
205.593188093206,204.15456,-1.4386318187919471
173.40188015796718,170.31505,-3.086831940193747
181.0536049574138,182.41225,1.3586417466877663
158.30875933871775,163.16896,4.860201232571313
142.7633419737755,144.04309,1.2797488465369895
156.58089144674875,158.08777,1.5068771079387488
149.99679614770167,147.9173,-2.079498784420423
92.15479962098044,95.85636,3.7015617681797153
164.95868361935987,164.25969,-0.6989942883051867
165.25039742485052,168.11392,2.8635246942901063
101.74411484788354,103.17436,1.4302473347336502
140.5714749269842,141.08301,0.5115328855158054
169.83384035173324,169.37686,-0.4569787794676188
152.38253901235444,150.43196,-1.9505779527841298
161.67744210655127,160.5807,-1.0967383711997059
138.679079152477,138.2775,-0.40158281458636225
171.14577687439115,167.44221,-3.7035619085708333
133.05774855657538,128.80772,-4.250024557551939
123.17241834662724,123.224236,0.051817188040729434
88.86273364395923,89.41062,0.547887999107175
189.3895624082859,194.26733,4.8777715760890885
165.6449338563368,169.08344,3.4385012022569583
136.8017971614081,136.10793,-0.6938717463690409
132.26248846213895,135.84628,3.583794496845428
102.25807423906456,103.36772,1.109647318552632
77.40257588830687,81.09452,3.691944680540786
130.13310453141744,129.18834,-0.9447652980190071
82.9440616366134,85.49443,2.5503689053787895
166.9307181570215,168.61249,1.681769635947262
75.58516602986663,76.85492,1.2697534037271225
210.24852854468685,210.67471,0.4261845900787762
163.30261570186735,162.26021,-1.0424075719845405
161.61065805270098,163.51433,1.9036699502287036
184.28666043982128,188.76997,4.483313315061537
197.2149736578299,202.88121,5.66623666931855
172.94569007926927,170.64359,-2.3021048741911443
157.7720050747147,156.99368,-0.7783222133865877
180.06893002146018,180.14813,0.0792023027585742
149.27310029519884,148.8755,-0.3975967551597819
118.68639752100728,116.91684,-1.7695579213979045
126.73181340953307,126.94822,0.21640588978333142
204.267619334401,209.02982,4.762196339427135
157.80793809797774,159.53215,1.7242121705769478
154.49035466788484,156.2356,1.7452410352401557
187.2990555235837,187.44919,0.15013270883818564
126.06566551798784,125.11803,-0.947638784589401
101.9355161000941,99.67043,-2.2650830556605115
135.75012093888776,135.23686,-0.5132587562705737
169.31300939737017,170.47469,1.1616762715751463
152.0412449429024,155.87775,3.8365016391288407
144.48939923200405,144.05403,-0.4353678599337343
104.41631537927395,104.04178,-0.37453681482082857
111.6352359147583,112.07412,0.4388836531127964
160.29371568066418,157.82642,-2.467299665039178
183.6334991172201,182.11778,-1.515716524446674
154.72086028938836,155.32611,0.6052505504553949
127.7148931327913,124.32763,-3.3872640434358345
161.28839015589983,162.91278,1.6243906058189168
181.62537740761488,181.18797,-0.43740438515393976
129.6016893484532,129.83452,0.2328290841639955
151.77553866484237,152.84824,1.0726974191420027
129.25223036184923,130.29922,1.0469944916663962
200.43191098187845,200.62415,0.19223452593405455
163.37007418076928,160.58351,-2.786562828230217
174.0205535900172,175.31224,1.2916870105687508
154.72125803958627,155.52292,0.8016606615856006
120.1391765556395,120.82709,0.6879108467042556
170.74360016526367,170.98166,0.2380587702832031
180.7993645550744,179.28246,-1.5169091107384531
152.01582192610277,152.49722,0.4814009742878511
204.83124852054092,208.98225,4.151005507779388
148.3894807714517,146.73424,-1.655243100553264
183.9675872275831,188.4134,4.445819144487217
138.40223035822655,141.04576,2.643530750171891
160.07838602506425,160.9476,0.8692152932951274
72.48289428182265,72.326035,-0.15685973592421476
139.19120176525757,141.24007,2.0488647630627383
190.95663337398983,193.27245,2.3158123047211063
175.75005487109385,176.96658,1.2165283808592733
206.41387487877444,206.9924,0.5785262442724388
171.10036016869907,172.32579,1.2254302365743683
141.45510170917998,138.67436,-2.7807395265627974
140.82836765365016,140.97008,0.14170986099827587
197.6145742861156,200.17455,2.5599710019703252
192.20588132656488,190.34258,-1.8633062533226905
118.30083697028246,117.987915,-0.3129219312199609
187.56093508908967,188.20029,0.6393517761447072
180.94988087947615,177.518,-3.4318755083824044
193.37354690012828,192.9727,-0.4008448737610877
112.47824623719733,112.6012,0.12295005186517471
152.289223740864,150.08838,-2.200844834614003
188.0891371461568,185.9229,-2.1662398072895996
116.27171524778043,114.79391,-1.477808082253091
148.5282140881344,150.41371,1.8854974597171577
122.58092423100264,121.802475,-0.7784492554167031
185.6987069856077,184.07082,-1.6278909455686517
165.3387776311854,172.09836,6.759580523111481
125.5544831094245,126.296165,0.7416823568840982
167.35504034085807,169.01518,1.6601421542591197
189.86291239223408,189.64172,-0.22118875942157956
193.66811189340515,194.95868,1.290567305813596
174.69115675178944,174.95592,0.264760606609002
98.76795290713451,98.93725,0.1692953228459544
169.20909847668085,173.427,4.21790347644415
112.53418819884774,112.23031,-0.3038796661329002
97.1725920158986,97.988045,0.8154527228709298
118.2904551748246,117.23713,-1.0533259633988195
158.96688468634235,160.308,1.3411139708842086
176.492894718088,174.72585,-1.7670493811739334
117.5555796845963,115.00959,-2.5459895356705147
221.159789940649,224.11069,2.9508973152103692
208.71425609839775,208.70639,-0.007865717538379613
191.36826972696645,189.3528,-2.0154712650523834
172.91270312671637,174.74498,1.8322767316820716
75.85649602026434,79.381905,3.5254085817864365
189.23233607522283,191.94283,2.71048924215998
162.74388296348906,160.7659,-1.9779833052859317
138.03902395924976,136.85101,-1.1880107756560108
114.78652151929776,114.478386,-0.3081355940047956
132.25090048049603,134.4526,2.2017057206758466
172.55512253001012,170.33534,-2.219780122783561
180.27769269285304,182.44827,2.170580012225088
135.15061397537917,134.06528,-1.0853368757697979
155.30480611992434,153.33565,-1.9691585369165239
138.84940880689427,137.2964,-1.553006829355212
167.12097211591004,167.90689,0.7859187532305896
200.62671613378023,201.9799,1.3531880410244526
187.61649599112192,186.88878,-0.7277173045984853
201.39254954041647,201.93378,0.5412273150522822
143.27335343964063,144.79364,1.5202866970781201
120.46338517140208,123.47236,3.0089735322112006
208.15574587496613,210.66068,2.5049291738619957
166.39761594000996,161.42693,-4.970690280830269
123.55125512006168,119.68899,-3.862267388128089
185.312297848287,186.47829,1.1659888948770742
168.8659572534197,169.19167,0.3257083959943543
132.02817554225587,131.58188,-0.44629688014649105
153.97585672144675,152.90065,-1.0752066970326837
168.0206937628708,167.68617,-0.33452127751922944
159.22854461295395,157.98001,-1.2485336266258287
168.59070219956186,163.63297,-4.957737111671236
145.3872821994232,143.80183,-1.5854480929778845
161.70972413839303,164.35709,2.647362043247597
86.8359372650211,86.38864,-0.44729590759922644
189.17216424616967,190.64587,1.4737097772678283
139.12943371081377,137.32185,-1.8075800731184586
117.18206904811332,114.63084,-2.5512325612969136
161.18843943446373,155.98979,-5.198647564346544
183.22444046670756,178.45807,-4.766371619051313
133.810125456854,137.47612,3.6659945382631918
115.39882326378942,114.586624,-0.8121991182816117
131.92047169854845,132.67752,0.7570490534046712
205.0605155591341,206.46947,1.4089516039518344
194.7230755712682,195.92436,1.2012866113489906
177.36976116013778,175.14255,-2.2272135527159094
134.97316440039907,136.59518,1.622019925772804
147.11188612594185,147.65907,0.5471867500347116
115.0910856912394,116.62581,1.534723024580913
169.15698316399528,168.253,-0.9039771825499656
193.229989302296,195.1674,1.9374148725086968
